"","timestamp","usd_hashprice","btc_hashprice","btc"
"1",2020-02-04,151.44,0.01645905,9201.01706963646
"2",2020-02-05,154.93,0.01647925,9401.52009345085
"3",2020-02-06,159.68,0.01648006,9689.28511182605
"4",2020-02-07,161.79,0.01654871,9776.5928582953
"5",2020-02-08,162.03,0.01651115,9813.36854186413
"6",2020-02-09,165.86,0.01645257,10081.0997917043
"7",2020-02-10,163.14,0.01644277,9921.68594464315
"8",2020-02-11,164.52,0.01652377,9956.5656021598
"9",2020-02-12,170.44,0.01647725,10343.959095116
"10",2020-02-13,170.1,0.01653387,10287.972507344
"11",2020-02-14,168.8,0.01644896,10262.0469622396
"12",2020-02-15,167.27,0.01648708,10145.5200071814
"13",2020-02-16,162.44,0.01639725,9906.53920626934
"14",2020-02-17,159.26,0.01638309,9720.9989080204
"15",2020-02-18,161.2,0.01637202,9846.0666429677
"16",2020-02-19,166.47,0.0164811,10100.660756867
"17",2020-02-20,157.79,0.01646555,9583.03852589194
"18",2020-02-21,158.88,0.01639601,9690.16242366283
"19",2020-02-22,158.08,0.01636166,9661.61135239334
"20",2020-02-23,161.25,0.01633531,9871.25435636055
"21",2020-02-24,159.09,0.01634096,9735.65812534882
"22",2020-02-25,155.89,0.01642482,9491.1237992258
"23",2020-02-26,148.97,0.01649076,9033.54363291928
"24",2020-02-27,145.1,0.01649476,8796.73302309339
"25",2020-02-28,143.2,0.01646221,8698.71056194764
"26",2020-02-29,142.72,0.01642898,8687.08830371697
"27",2020-03-01,140.13,0.01637503,8557.54157396964
"28",2020-03-02,143.2,0.01637162,8746.84362329446
"29",2020-03-03,144.64,0.01645273,8791.24619440056
"30",2020-03-04,144,0.01643406,8762.2900244979
"31",2020-03-05,148.07,0.01641464,9020.60599562342
"32",2020-03-06,149.69,0.01645284,9098.12530845739
"33",2020-03-07,148.8,0.01643331,9054.77959096494
"34",2020-03-08,140.32,0.01637157,8570.95562612505
"35",2020-03-09,124.83,0.01583312,7884.1062279576
"36",2020-03-10,122.63,0.0154295,7947.7624031887
"37",2020-03-11,121.31,0.01545439,7849.54954546896
"38",2020-03-12,103.72,0.01555724,6666.992345686
"39",2020-03-13,84.12,0.01585147,5306.76334750026
"40",2020-03-14,85.87,0.01586732,5411.75195307084
"41",2020-03-15,82.98,0.01566785,5296.19571287701
"42",2020-03-16,78.23,0.01568635,4987.13849939597
"43",2020-03-17,84.22,0.01584821,5314.16481735161
"44",2020-03-18,83.55,0.01580347,5286.81359220475
"45",2020-03-19,91.68,0.01591603,5760.23040921637
"46",2020-03-20,102.04,0.01604103,6361.18752972845
"47",2020-03-21,98.12,0.01590073,6170.78586957957
"48",2020-03-22,95.63,0.01556939,6142.18026525124
"49",2020-03-23,95.25,0.01559569,6107.45661140995
"50",2020-03-24,104.36,0.01568625,6652.96039525062
"51",2020-03-25,104.06,0.01562,6661.97183098592
"52",2020-03-26,122.23,0.01832001,6671.93958955263
"53",2020-03-27,123.75,0.01848843,6693.37526225861
"54",2020-03-28,114.78,0.01843379,6226.60885254742
"55",2020-03-29,111.98,0.01833442,6107.63798363952
"56",2020-03-30,114.73,0.0182898,6272.895274962
"57",2020-03-31,118.31,0.01833601,6452.33068699243
"58",2020-04-01,115.69,0.01834001,6308.06635328988
"59",2020-04-02,123.19,0.01831746,6725.27741291642
"60",2020-04-03,124.9,0.01832686,6815.13363445784
"61",2020-04-04,124,0.01830574,6773.8315959912
"62",2020-04-05,123.72,0.01820048,6797.62291983508
"63",2020-04-06,129.22,0.01822515,7090.20227542709
"64",2020-04-07,133.93,0.01830044,7318.40327336392
"65",2020-04-08,129.02,0.01766602,7303.28619575886
"66",2020-04-09,126.42,0.01730513,7305.34818287987
"67",2020-04-10,120.53,0.01727687,6976.37940205604
"68",2020-04-11,118.4,0.01723005,6871.7154041921
"69",2020-04-12,119.5,0.01719965,6947.8157985773
"70",2020-04-13,116.25,0.0172181,6751.61603196636
"71",2020-04-14,118.59,0.01722646,6884.17701605553
"72",2020-04-15,117.7,0.01730427,6801.78938493216
"73",2020-04-16,119.75,0.01732416,6912.31205437955
"74",2020-04-17,122.71,0.01734653,7074.03728584334
"75",2020-04-18,123.89,0.01731273,7156.00601407173
"76",2020-04-19,123.65,0.01724227,7171.32952911653
"77",2020-04-20,121.62,0.01724004,7054.50799418099
"78",2020-04-21,112.3,0.01635123,6867.98485496198
"79",2020-04-22,111.61,0.01594297,7000.5776840827
"80",2020-04-23,117.2,0.01606605,7294.8857995587
"81",2020-04-24,121.16,0.01610974,7520.91591794777
"82",2020-04-25,121.25,0.0160723,7544.03539008107
"83",2020-04-26,121.43,0.01597432,7601.5755287236
"84",2020-04-27,123.17,0.01596496,7715.02089576172
"85",2020-04-28,123.68,0.01599978,7730.10628896147
"86",2020-04-29,132.19,0.01603142,8245.68254091029
"87",2020-04-30,146.33,0.01645448,8893.01880095877
"88",2020-05-01,147.75,0.01682139,8783.45963086285
"89",2020-05-02,146.37,0.01649365,8874.32436119355
"90",2020-05-03,145.71,0.01622431,8980.96744946318
"91",2020-05-04,142.4,0.01623251,8772.51885259889
"92",2020-05-05,144.77,0.01621092,8930.40000197398
"93",2020-05-06,147.98,0.01615194,9161.74775290151
"94",2020-05-07,154.36,0.01626388,9490.97017439873
"95",2020-05-08,163.25,0.01644749,9925.52663050715
"96",2020-05-09,161.22,0.01657146,9728.77465232393
"97",2020-05-10,140.86,0.01621197,8688.64178751873
"98",2020-05-11,127.2,0.01459356,8716.17343540575
"99",2020-05-12,76.36,0.00870235,8774.64133251363
"100",2020-05-13,80.03,0.00884684,9046.16789723788
"101",2020-05-14,87.09,0.00909259,9578.12900394717
"102",2020-05-15,89.77,0.00942593,9523.72869308386
"103",2020-05-16,86.4,0.00918817,9403.39588840868
"104",2020-05-17,85.41,0.00887391,9624.84406535563
"105",2020-05-18,88.65,0.00912042,9719.94710769899
"106",2020-05-19,93,0.00961628,9671.09942722134
"107",2020-05-20,100.59,0.01040153,9670.69267694272
"108",2020-05-21,96.72,0.01042223,9280.1636501977
"109",2020-05-22,94.4,0.01034494,9125.23417245533
"110",2020-05-23,91.9,0.00998105,9207.44811417636
"111",2020-05-24,85.01,0.00931643,9124.73984133407
"112",2020-05-25,81.23,0.00921002,8819.74197667323
"113",2020-05-26,82.04,0.00925943,8860.15661871195
"114",2020-05-27,82.24,0.00911121,9026.24349564986
"115",2020-05-28,84.58,0.00907522,9319.88425624944
"116",2020-05-29,87.2,0.00922345,9454.16303010262
"117",2020-05-30,86.59,0.00910874,9506.25443255598
"118",2020-05-31,84.45,0.00884389,9548.96544393926
"119",2020-06-01,85.94,0.00896615,9584.9389091193
"120",2020-06-02,90.51,0.00916252,9878.28675953777
"121",2020-06-03,88.08,0.00922186,9551.21851773937
"122",2020-06-04,91.04,0.00938325,9702.39522553486
"123",2020-06-05,94.21,0.00967076,9741.7369472513
"124",2020-06-06,91.5,0.00949582,9635.81870759976
"125",2020-06-07,90.23,0.00937895,9620.47990446692
"126",2020-06-08,92.15,0.00947626,9724.30051518215
"127",2020-06-09,92.31,0.00950396,9712.79340401264
"128",2020-06-10,92.6,0.00946046,9788.10755502375
"129",2020-06-11,91.77,0.00951586,9643.89976313229
"130",2020-06-12,88.85,0.00943993,9412.14606464243
"131",2020-06-13,88.36,0.00937209,9427.99311572979
"132",2020-06-14,87.71,0.0093255,9405.3938126642
"133",2020-06-15,86.51,0.00935745,9245.04004830376
"134",2020-06-16,87.61,0.00922838,9493.5405780863
"135",2020-06-17,79.61,0.00843116,9442.35431423434
"136",2020-06-18,78.76,0.0083733,9406.08840003344
"137",2020-06-19,78.81,0.0084505,9326.07538015502
"138",2020-06-20,77.42,0.0083234,9301.48737294856
"139",2020-06-21,76.74,0.00820857,9348.7659848183
"140",2020-06-22,77.87,0.00821358,9480.64059764439
"141",2020-06-23,80.25,0.0083258,9638.71339691081
"142",2020-06-24,78.82,0.0083481,9441.66936189073
"143",2020-06-25,76.89,0.00832864,9231.99946209705
"144",2020-06-26,76.17,0.00829678,9180.67009128843
"145",2020-06-27,74.7,0.00820248,9107.00178482605
"146",2020-06-28,73.82,0.00815238,9055.02442231594
"147",2020-06-29,74.55,0.00817809,9115.82044218149
"148",2020-06-30,75.72,0.00827548,9149.92242141846
"149",2020-07-01,77.38,0.00841918,9190.91883057495
"150",2020-07-02,77.08,0.00840888,9166.50017600441
"151",2020-07-03,76.55,0.00841825,9093.33887684495
"152",2020-07-04,75.46,0.00830009,9091.46768288055
"153",2020-07-05,74.27,0.0081931,9064.94489265357
"154",2020-07-06,75.62,0.00820896,9211.88554944841
"155",2020-07-07,76.54,0.00825802,9268.56558836138
"156",2020-07-08,77.82,0.00832731,9345.15467780111
"157",2020-07-09,78.16,0.00837787,9329.34027384049
"158",2020-07-10,77.16,0.00838729,9199.63420842727
"159",2020-07-11,76.69,0.00830064,9239.04662772991
"160",2020-07-12,76.01,0.00821674,9250.62737776783
"161",2020-07-13,72.58,0.00782255,9278.30438923369
"162",2020-07-14,70.83,0.00768248,9219.67906196957
"163",2020-07-15,71.21,0.00772223,9221.42956115008
"164",2020-07-16,71.97,0.00788152,9131.48732731757
"165",2020-07-17,72.62,0.00794984,9134.77503949765
"166",2020-07-18,73.38,0.00800849,9162.77600396579
"167",2020-07-19,71.35,0.00779346,9155.11210681777
"168",2020-07-20,70.62,0.00769397,9178.61650097414
"169",2020-07-21,75.06,0.00806303,9309.15549117391
"170",2020-07-22,78.03,0.0083322,9364.8736228127
"171",2020-07-23,79.88,0.00837205,9541.27125375505
"172",2020-07-24,79.46,0.00831381,9557.59152542577
"173",2020-07-25,77.02,0.00800578,9620.54915323679
"174",2020-07-26,77.75,0.00790614,9834.12891752486
"175",2020-07-27,83.18,0.00796716,10440.3576682281
"176",2020-07-28,96.22,0.00875944,10984.7204844145
"177",2020-07-29,98.62,0.00888842,11095.335278936
"178",2020-07-30,99.09,0.00898061,11033.7716480284
"179",2020-07-31,100.41,0.0089688,11195.4776558737
"180",2020-08-01,100.94,0.00869486,11609.1575942568
"181",2020-08-02,96.58,0.00852028,11335.308229307
"182",2020-08-03,93.95,0.00834661,11256.0668343196
"183",2020-08-04,94.2,0.00837718,11244.834180476
"184",2020-08-05,97.2,0.00847591,11467.7951983917
"185",2020-08-06,104.84,0.00891708,11757.2120021352
"186",2020-08-07,102.42,0.00874054,11717.8114853316
"187",2020-08-08,97.57,0.00835002,11685.0019520911
"188",2020-08-09,93.84,0.00803836,11674.02305943
"189",2020-08-10,96.83,0.00813772,11898.9102598762
"190",2020-08-11,100.25,0.00861758,11633.1963265789
"191",2020-08-12,97.16,0.00847576,11463.2788092159
"192",2020-08-13,96.03,0.00831379,11550.6886750808
"193",2020-08-14,96.88,0.00824086,11756.0545865359
"194",2020-08-15,95.82,0.00806674,11878.4044111996
"195",2020-08-16,93.69,0.00790476,11852.3522535789
"196",2020-08-17,96.17,0.00797528,12058.510798367
"197",2020-08-18,103.22,0.00848692,12162.2449604804
"198",2020-08-19,103.02,0.00873263,11797.133280581
"199",2020-08-20,100.79,0.00854245,11798.7228488314
"200",2020-08-21,98.79,0.00841163,11744.4538097848
"201",2020-08-22,98.43,0.00851521,11559.3156246293
"202",2020-08-23,92.85,0.00798877,11622.5651758656
"203",2020-08-24,90.98,0.00775346,11734.1161236403
"204",2020-08-25,90.16,0.00783406,11508.7196166483
"205",2020-08-26,91.24,0.0079998,11405.2851321283
"206",2020-08-27,92.45,0.00814811,11346.1894844326
"207",2020-08-28,92.48,0.00808263,11441.8202985909
"208",2020-08-29,89.25,0.00775648,11506.5081067701
"209",2020-08-30,89.58,0.00771683,11608.3936020361
"210",2020-08-31,90.14,0.00771477,11684.0813141545
"211",2020-09-01,95.6,0.0080507,11874.7438110972
"212",2020-09-02,93.53,0.00807889,11577.0854659489
"213",2020-09-03,91.5,0.00828869,11039.13887478
"214",2020-09-04,87.57,0.0084247,10394.435410163
"215",2020-09-05,85.83,0.00835677,10270.7146421404
"216",2020-09-06,80.4,0.00788148,10201.1297370545
"217",2020-09-07,79.15,0.0077894,10161.2447685316
"218",2020-09-08,79.89,0.00787287,10147.5065636801
"219",2020-09-09,80.02,0.00785572,10186.2082660787
"220",2020-09-10,83.44,0.00807031,10339.1319540389
"221",2020-09-11,82.8,0.00803652,10302.9669558466
"222",2020-09-12,81.29,0.00783721,10372.313616708
"223",2020-09-13,78.74,0.00757426,10395.7350289005
"224",2020-09-14,80.69,0.00767628,10511.6019738728
"225",2020-09-15,84.2,0.00781487,10774.3314987965
"226",2020-09-16,85.12,0.00781225,10895.7086626772
"227",2020-09-17,84.49,0.00775626,10893.1366405974
"228",2020-09-18,84.01,0.00769023,10924.2506400979
"229",2020-09-19,85.3,0.00774522,11013.2442977733
"230",2020-09-20,75.09,0.0068778,10917.7353223414
"231",2020-09-21,72.73,0.00681168,10677.2484908275
"232",2020-09-22,73.69,0.00703881,10469.0991801171
"233",2020-09-23,74.95,0.00718387,10433.0952536725
"234",2020-09-24,74.79,0.0071613,10443.634535629
"235",2020-09-25,75.15,0.00704191,10671.8205714075
"236",2020-09-26,74.25,0.00692856,10716.5125220825
"237",2020-09-27,72.5,0.00676354,10719.2387418423
"238",2020-09-28,74.19,0.00681934,10879.3519607469
"239",2020-09-29,75.76,0.00706091,10729.4952067085
"240",2020-09-30,76.42,0.00711411,10742.0323835308
"241",2020-10-01,77.82,0.00723523,10755.7050708823
"242",2020-10-02,78.15,0.00742271,10528.499698897
"243",2020-10-03,75.95,0.00719833,10551.0583704832
"244",2020-10-04,73.47,0.00692706,10606.2312149743
"245",2020-10-05,74.84,0.00699058,10705.835567292
"246",2020-10-06,78.83,0.0073677,10699.4041559781
"247",2020-10-07,78.48,0.00739009,10619.6270952045
"248",2020-10-08,76.56,0.0071323,10734.2652440307
"249",2020-10-09,80.62,0.00733965,10984.1749947205
"250",2020-10-10,81.92,0.00722651,11336.039111549
"251",2020-10-11,79.08,0.00696011,11361.8893954262
"252",2020-10-12,79.53,0.00694791,11446.6076849009
"253",2020-10-13,80.5,0.00702957,11451.6250638375
"254",2020-10-14,79.5,0.00696941,11406.9914096028
"255",2020-10-15,80.81,0.00707932,11414.9381579022
"256",2020-10-16,79.5,0.00699472,11365.7158542443
"257",2020-10-17,76.59,0.00675139,11344.330574889
"258",2020-10-18,74.73,0.00653715,11431.587159542
"259",2020-10-19,76.77,0.00662768,11583.2387803877
"260",2020-10-20,79.56,0.00671585,11846.6016959879
"261",2020-10-21,87.28,0.00700298,12463.2656383425
"262",2020-10-22,95.62,0.00739205,12935.5185638625
"263",2020-10-23,96.55,0.00746454,12934.487590662
"264",2020-10-24,92.77,0.00712071,13028.1952221057
"265",2020-10-25,89.99,0.00689228,13056.6372811319
"266",2020-10-26,90.44,0.00691997,13069.4208211885
"267",2020-10-27,101.75,0.00760716,13375.5567123605
"268",2020-10-28,111.7,0.0083093,13442.7689456392
"269",2020-10-29,114.12,0.00856004,13331.7134032084
"270",2020-10-30,116.58,0.0086761,13436.9128986526
"271",2020-10-31,120.7,0.00878469,13739.8132432676
"272",2020-11-01,113.12,0.00821534,13769.3631669535
"273",2020-11-02,107.08,0.00787569,13596.2690253171
"274",2020-11-03,129.2,0.00948429,13622.5273584
"275",2020-11-04,130.75,0.00940833,13897.2591310041
"276",2020-11-05,135.69,0.00920828,14735.6509576164
"277",2020-11-06,150.39,0.00965144,15582.1307494011
"278",2020-11-07,137.18,0.00893485,15353.3635147764
"279",2020-11-08,128.43,0.00845018,15198.4928131708
"280",2020-11-09,128.17,0.00833355,15380.0001199969
"281",2020-11-10,131.15,0.00855771,15325.3615745334
"282",2020-11-11,135.18,0.00867011,15591.4976857272
"283",2020-11-12,132.26,0.00830501,15925.3270014124
"284",2020-11-13,134.71,0.00826932,16290.3358438179
"285",2020-11-14,131.58,0.00820737,16031.9322755036
"286",2020-11-15,126.24,0.00789131,15997.3439137482
"287",2020-11-16,127.76,0.00780479,16369.4346676848
"288",2020-11-17,133.11,0.00779167,17083.629055132
"289",2020-11-18,140.04,0.0078292,17886.8849946355
"290",2020-11-19,140.78,0.00788853,17846.1639874603
"291",2020-11-20,142.15,0.00775305,18334.7198844326
"292",2020-11-21,141.88,0.00758085,18715.5793875357
"293",2020-11-22,136.09,0.00738262,18433.8351425375
"294",2020-11-23,137.27,0.00744033,18449.4504948033
"295",2020-11-24,145.84,0.00772955,18867.851297941
"296",2020-11-25,150.52,0.00789827,19057.337872724
"297",2020-11-26,136.91,0.00787298,17389.8574618505
"298",2020-11-27,133.55,0.00786142,16988.0250641742
"299",2020-11-28,132.68,0.00766465,17310.6404075855
"300",2020-11-29,130.13,0.00723485,17986.551207005
"301",2020-11-30,131.47,0.00694956,18917.7444327411
"302",2020-12-01,142.94,0.00742064,19262.4894887772
"303",2020-12-02,144.84,0.00764198,18953.2032274358
"304",2020-12-03,145.05,0.00752226,19282.7687423726
"305",2020-12-04,142.99,0.00747678,19124.5429182081
"306",2020-12-05,136.95,0.00720773,19000.4342560002
"307",2020-12-06,134.93,0.00704539,19151.5302914388
"308",2020-12-07,132.94,0.00692292,19202.8797097179
"309",2020-12-08,134.41,0.00709541,18943.2323149755
"310",2020-12-09,130.06,0.00711996,18266.9565559357
"311",2020-12-10,130.69,0.00714058,18302.4348162194
"312",2020-12-11,127.28,0.00709552,17938.0792387309
"313",2020-12-12,130.58,0.00706874,18472.8820129189
"314",2020-12-13,131.76,0.00689312,19114.7114804327
"315",2020-12-14,135.25,0.0070577,19163.4668518072
"316",2020-12-15,139.74,0.00722066,19352.8015444572
"317",2020-12-16,145.8,0.00726145,20078.6344325169
"318",2020-12-17,174.04,0.00768922,22634.2854021604
"319",2020-12-18,186.05,0.00813022,22883.7596030612
"320",2020-12-19,182.37,0.00780837,23355.706760822
"321",2020-12-20,172.71,0.00731907,23597.260307662
"322",2020-12-21,175.35,0.00754105,23252.7300574854
"323",2020-12-22,179.27,0.00776118,23098.2917546043
"324",2020-12-23,182.46,0.00775365,23532.1429262347
"325",2020-12-24,177.69,0.00765225,23220.6213858669
"326",2020-12-25,182.96,0.00761769,24017.7796681146
"327",2020-12-26,184.44,0.00730016,25265.1996668566
"328",2020-12-27,198.35,0.00733401,27045.2317354353
"329",2020-12-28,199.54,0.00739957,26966.4318332011
"330",2020-12-29,200.86,0.00753124,26670.2428816503
"331",2020-12-30,207.79,0.00738398,28140.6504351312
"332",2020-12-31,218.64,0.00757048,28880.5993807526
"333",2021-01-01,213.02,0.00727346,29287.2993045951
"334",2021-01-02,220.22,0.00715718,30769.1017970765
"335",2021-01-03,248.09,0.00740964,33482.0585075658
"336",2021-01-04,234.03,0.00734551,31860.2792726441
"337",2021-01-05,242.15,0.00750301,32273.714149388
"338",2021-01-06,263.97,0.00756264,34904.4778014027
"339",2021-01-07,286.54,0.00752645,38071.0693620498
"340",2021-01-08,304.36,0.00764383,39817.7353499489
"341",2021-01-09,302.1,0.00747949,40390.4544293795
"342",2021-01-10,267.81,0.00673785,39747.1003361606
"343",2021-01-11,231.13,0.00674508,34266.4579219224
"344",2021-01-12,248.7,0.00713852,34839.1543345119
"345",2021-01-13,245.41,0.00707996,34662.6252125718
"346",2021-01-14,268.28,0.00696607,38512.3893386084
"347",2021-01-15,265.83,0.00709452,37469.7653963905
"348",2021-01-16,252.19,0.00684416,36847.4728819899
"349",2021-01-17,237.74,0.00666845,35651.463233585
"350",2021-01-18,236.58,0.00656338,36045.4521907919
"351",2021-01-19,247.34,0.0067105,36858.6543476641
"352",2021-01-20,237.12,0.00674521,35153.8350918652
"353",2021-01-21,226.54,0.00687823,32935.7988901214
"354",2021-01-22,221.2,0.0069439,31855.2974553205
"355",2021-01-23,219.07,0.0067699,32359.4144669788
"356",2021-01-24,206.54,0.00640804,32231.3843234437
"357",2021-01-25,219.12,0.00656844,33359.5191552332
"358",2021-01-26,211.47,0.00660885,31998.0026782269
"359",2021-01-27,204.66,0.00657131,31144.4749981358
"360",2021-01-28,209.71,0.00659754,31786.0899668664
"361",2021-01-29,240.07,0.00684624,35065.9632148449
"362",2021-01-30,241.63,0.00709444,34059.06597279
"363",2021-01-31,229.92,0.00687206,33457.216613359
"364",2021-02-01,229.95,0.00682117,33711.2254935737
"365",2021-02-02,244.4,0.00703987,34716.5501635684
"366",2021-02-03,251.35,0.00687255,36573.0332991393
"367",2021-02-04,264.11,0.00703607,37536.5793688806
"368",2021-02-05,259.6,0.00689954,37625.6967855828
"369",2021-02-06,266.24,0.00668752,39811.4697227074
"370",2021-02-07,249.82,0.00645266,38715.8164229945
"371",2021-02-08,265.11,0.00643083,41224.8496694828
"372",2021-02-09,326.46,0.00699331,46681.7572794571
"373",2021-02-10,321.67,0.00702217,45807.7773679646
"374",2021-02-11,327.53,0.00707665,46283.1989712646
"375",2021-02-12,343.88,0.00722332,47606.9175946795
"376",2021-02-13,330.45,0.0069875,47291.5921288014
"377",2021-02-14,319.57,0.00657566,48598.9239102995
"378",2021-02-15,315.42,0.00658979,47864.9547254161
"379",2021-02-16,326.9,0.00669226,48847.4745452209
"380",2021-02-17,344.42,0.00676497,50912.2730773381
"381",2021-02-18,356.22,0.00686408,51896.2482954744
"382",2021-02-19,363.16,0.00684315,53069.1275216823
"383",2021-02-20,381.73,0.00678454,56264.684120073
"384",2021-02-21,378.19,0.00663132,57030.8777136377
"385",2021-02-22,358.92,0.00656198,54696.9055071792
"386",2021-02-23,338.43,0.00691444,48945.395433325
"387",2021-02-24,348.43,0.00699616,49803.0348076659
"388",2021-02-25,336.74,0.00673625,49989.2373353127
"389",2021-02-26,316.92,0.00679208,46660.2277947256
"390",2021-02-27,308.57,0.00654683,47132.7344684374
"391",2021-02-28,286.99,0.00640303,44820.9675731646
"392",2021-03-01,307.2,0.0064464,47654.5048399106
"393",2021-03-02,325.12,0.00668685,48620.8005264063
"394",2021-03-03,330.91,0.00656229,50425.9945842076
"395",2021-03-04,327.58,0.00663079,49402.8614991577
"396",2021-03-05,311.94,0.0065373,47716.9473635905
"397",2021-03-06,313.06,0.00647125,48377.0523469191
"398",2021-03-07,318.14,0.00633492,50220.0501348083
"399",2021-03-08,321.04,0.00631964,50800.3620459393
"400",2021-03-09,351.81,0.00651755,53978.8724290569
"401",2021-03-10,362.6,0.00654809,55374.9261234956
"402",2021-03-11,371.62,0.00660301,56280.3933357666
"403",2021-03-12,376.51,0.00662521,56829.896712708
"404",2021-03-13,386.87,0.00658049,58790.4548141552
"405",2021-03-14,395.06,0.00653374,60464.6037338492
"406",2021-03-15,369.68,0.00642872,57504.4487860725
"407",2021-03-16,365.4,0.00660265,55341.4159466275
"408",2021-03-17,366.66,0.00652867,56161.5152856554
"409",2021-03-18,392.46,0.00671189,58472.3527948164
"410",2021-03-19,385.63,0.00661705,58278.2357697161
"411",2021-03-20,374.44,0.00637,58781.7896389325
"412",2021-03-21,353.57,0.00616884,57315.4758431083
"413",2021-03-22,350.15,0.00616646,56782.9840783853
"414",2021-03-23,340.95,0.00623286,54702.0148054023
"415",2021-03-24,343.1,0.00622271,55136.7491012758
"416",2021-03-25,327.31,0.00627964,52122.414660713
"417",2021-03-26,333.58,0.00626589,53237.4491093843
"418",2021-03-27,342.31,0.00620339,55181.1187108984
"419",2021-03-28,340.93,0.00610657,55830.0322439602
"420",2021-03-29,349.23,0.00613549,56919.6592285213
"421",2021-03-30,368.26,0.00631115,58350.6967826783
"422",2021-03-31,374.13,0.00637263,58708.8847147881
"423",2021-04-01,371.29,0.00630601,58878.7521745129
"424",2021-04-02,356.88,0.00602132,59269.396079265
"425",2021-04-03,353.7,0.0060016,58934.2841908824
"426",2021-04-04,340.14,0.00589289,57720.4054377394
"427",2021-04-05,341.38,0.00587599,58097.4440051804
"428",2021-04-06,353.51,0.00604685,58461.8437698967
"429",2021-04-07,344.36,0.00604348,56980.4152574345
"430",2021-04-08,341.8,0.00597782,57178.0348019847
"431",2021-04-09,356.29,0.00612099,58207.9042769225
"432",2021-04-10,358,0.00598082,59858.0127808561
"433",2021-04-11,351.36,0.00587792,59776.2473800256
"434",2021-04-12,352.67,0.00586925,60087.7454529965
"435",2021-04-13,373.78,0.00601169,62175.5280129215
"436",2021-04-14,392.8,0.00619187,63438.0243771268
"437",2021-04-15,392.11,0.0062325,62913.7585238668
"438",2021-04-16,384.56,0.00622725,61754.3859649123
"439",2021-04-17,405.22,0.00660777,61324.7737133708
"440",2021-04-18,383.55,0.00684016,56073.2497485439
"441",2021-04-19,389.1,0.00689964,56394.2466563473
"442",2021-04-20,402.93,0.00725582,55531.9729541251
"443",2021-04-21,410.78,0.00740872,55445.475061819
"444",2021-04-22,395.62,0.00735241,53808.2071048813
"445",2021-04-23,353.5,0.00708848,49869.6476536578
"446",2021-04-24,336.37,0.00671727,50075.4026561386
"447",2021-04-25,305.59,0.00615414,49656.0039258125
"448",2021-04-26,328.34,0.00618934,53049.2750438657
"449",2021-04-27,352.25,0.00645142,54600.3825514383
"450",2021-04-28,339.74,0.00619985,54798.0999540311
"451",2021-04-29,336.76,0.00624968,53884.3588791746
"452",2021-04-30,344.93,0.00623938,55282.7364257346
"453",2021-05-01,361.6,0.00625539,57806.1479779838
"454",2021-05-02,376.98,0.00662895,56868.734867513
"455",2021-05-03,383.74,0.00662492,57923.7183241458
"456",2021-05-04,369.44,0.00668011,55304.4785190663
"457",2021-05-05,371.79,0.00665046,55904.4036051642
"458",2021-05-06,383.32,0.00672725,56980.1925006503
"459",2021-05-07,381.53,0.00671381,56827.6433202608
"460",2021-05-08,388.44,0.00663452,58548.3199990354
"461",2021-05-09,378.09,0.00651898,57998.3371631758
"462",2021-05-10,377.28,0.00653331,57747.1450153138
"463",2021-05-11,371.74,0.00665394,55867.6513464203
"464",2021-05-12,365.87,0.0065412,55933.1621109277
"465",2021-05-13,289.89,0.00581074,49888.6544570915
"466",2021-05-14,271.4,0.00540702,50194.0070500941
"467",2021-05-15,267.06,0.00546649,48854.0178432596
"468",2021-05-16,256.17,0.0053683,47719.017193525
"469",2021-05-17,240.08,0.00541947,44299.5348253612
"470",2021-05-18,243.99,0.00552188,44186.0380884771
"471",2021-05-19,220.61,0.00564625,39071.9504095639
"472",2021-05-20,234.87,0.00589207,39862.0518765052
"473",2021-05-21,232.77,0.00595225,39106.2203368474
"474",2021-05-22,222.22,0.00592583,37500.2320350061
"475",2021-05-23,196.99,0.00561788,35064.8287254267
"476",2021-05-24,207.24,0.00559714,37026.0525911448
"477",2021-05-25,213.46,0.00560502,38083.717810106
"478",2021-05-26,219.49,0.00559102,39257.5952151843
"479",2021-05-27,212.09,0.00546548,38805.3748252669
"480",2021-05-28,200.97,0.00548979,36607.9576814414
"481",2021-05-29,192.41,0.00545745,35256.3926375872
"482",2021-05-30,220.85,0.00622244,35492.5077622283
"483",2021-05-31,225.91,0.00624721,36161.7426018975
"484",2021-06-01,229.5,0.00627405,36579.2430726564
"485",2021-06-02,234.12,0.00628014,37279.4237071148
"486",2021-06-03,242.66,0.00629727,38534.1584527899
"487",2021-06-04,233.32,0.00628951,37096.6895672318
"488",2021-06-05,228.46,0.00624267,36596.5203991241
"489",2021-06-06,220.96,0.00614377,35964.8880085029
"490",2021-06-07,220.78,0.00615217,35886.5245921358
"491",2021-06-08,204.37,0.00621445,32886.2570299866
"492",2021-06-09,215.77,0.00618642,34878.0069895028
"493",2021-06-10,233.53,0.00631117,37002.6476865621
"494",2021-06-11,234.58,0.0063401,36999.4164129903
"495",2021-06-12,225.48,0.0063114,35725.8294514688
"496",2021-06-13,227.17,0.0062396,36407.7825501635
"497",2021-06-14,258.26,0.00650869,39679.2595745073
"498",2021-06-15,265.64,0.00660511,40217.3468723458
"499",2021-06-16,261.18,0.00662569,39419.2906701038
"500",2021-06-17,254.31,0.00658644,38611.1465374315
"501",2021-06-18,242.02,0.00654106,37000.1192467276
"502",2021-06-19,235.16,0.00657613,35759.6337055381
"503",2021-06-20,229.47,0.00654346,35068.6028492571
"504",2021-06-21,217.56,0.0065658,33135.3376587773
"505",2021-06-22,215.33,0.00672835,32003.3886465478
"506",2021-06-23,230.91,0.00684197,33749.0518081781
"507",2021-06-24,230.74,0.00683631,33752.1265126947
"508",2021-06-25,225.44,0.00675503,33373.6489697307
"509",2021-06-26,211.01,0.00670212,31484.0677278234
"510",2021-06-27,220.42,0.00666867,33053.0675532003
"511",2021-06-28,233.26,0.00676664,34472.0570327371
"512",2021-06-29,244.49,0.00687557,35559.2336344478
"513",2021-06-30,242.58,0.00694529,34927.2672559389
"514",2021-07-01,237.09,0.00703032,33723.9272181067
"515",2021-07-02,234,0.00702902,33290.5582855078
"516",2021-07-03,306.61,0.00892347,34359.9519021188
"517",2021-07-04,328.19,0.00930278,35278.7016354251
"518",2021-07-05,315.84,0.00926247,34098.8958668692
"519",2021-07-06,316.16,0.00925531,34159.8498591619
"520",2021-07-07,317.22,0.00917869,34560.4873898127
"521",2021-07-08,300.49,0.00913316,32900.9893618419
"522",2021-07-09,300.06,0.00904503,33174.019323319
"523",2021-07-10,302.26,0.00896737,33706.6497757983
"524",2021-07-11,302.39,0.00894665,33799.243292182
"525",2021-07-12,303.19,0.00899854,33693.2435706237
"526",2021-07-13,297.64,0.00906058,32849.9941504848
"527",2021-07-14,293.51,0.00903507,32485.6365252289
"528",2021-07-15,287.61,0.00896089,32096.1422358717
"529",2021-07-16,284.39,0.00895662,31751.9332069464
"530",2021-07-17,280.94,0.00890194,31559.4128920213
"531",2021-07-18,296.08,0.00931913,31771.2061104416
"532",2021-07-19,291.28,0.0093426,31177.6165093229
"533",2021-07-20,279.9,0.00938115,29836.4273036888
"534",2021-07-21,292.27,0.00937027,31191.2036686243
"535",2021-07-22,300.18,0.00934127,32134.8167861543
"536",2021-07-23,304.53,0.0093736,32488.0515490313
"537",2021-07-24,316.41,0.00934039,33875.4591617695
"538",2021-07-25,320.15,0.00931061,34385.5021314393
"539",2021-07-26,357.21,0.00932351,38312.8242475205
"540",2021-07-27,352.94,0.00936475,37688.1390320083
"541",2021-07-28,372.04,0.00933128,39870.200015432
"542",2021-07-29,372.35,0.00934091,39862.2832250819
"543",2021-07-30,369.66,0.00932632,39636.2123538545
"544",2021-07-31,370.11,0.00888742,41644.2567134219
"545",2021-08-01,363.53,0.00876309,41484.2253132171
"546",2021-08-02,347.73,0.00878042,39602.889155644
"547",2021-08-03,337.88,0.00878506,38460.7504103558
"548",2021-08-04,340.53,0.00879656,38711.7236737998
"549",2021-08-05,347.7,0.00881932,39424.8082618615
"550",2021-08-06,363.79,0.00879551,41360.8761743208
"551",2021-08-07,382.67,0.00878435,43562.6995736736
"552",2021-08-08,388.38,0.00875733,44349.1338113329
"553",2021-08-09,393.82,0.0087706,44902.2871867375
"554",2021-08-10,401.18,0.00879775,45600.2955301071
"555",2021-08-11,405.02,0.0087881,46087.3226294648
"556",2021-08-12,395.42,0.00880072,44930.4147842449
"557",2021-08-13,387.55,0.00839052,46189.0323841669
"558",2021-08-14,387.59,0.00822495,47123.6907215241
"559",2021-08-15,378.82,0.00815642,46444.3959482224
"560",2021-08-16,383.61,0.00817559,46921.3842670682
"561",2021-08-17,377.44,0.00821097,45967.7723825565
"562",2021-08-18,370.87,0.00821544,45143.0477247719
"563",2021-08-19,371.2,0.00820963,45215.1924020936
"564",2021-08-20,391.47,0.00819417,47774.2102006671
"565",2021-08-21,401.82,0.00819183,49051.3108792541
"566",2021-08-22,399.3,0.00816533,48901.8814916237
"567",2021-08-23,408.37,0.00818547,49889.6214878315
"568",2021-08-24,400.1,0.00818033,48910.0072979941
"569",2021-08-25,377.71,0.00783031,48236.9152689996
"570",2021-08-26,342.27,0.00722824,47351.775812646
"571",2021-08-27,344.87,0.00722387,47740.3386273563
"572",2021-08-28,353.61,0.00723118,48900.7326605063
"573",2021-08-29,350.92,0.00721058,48667.3748852381
"574",2021-08-30,347.14,0.00721887,48087.8586260731
"575",2021-08-31,342.61,0.00724222,47307.3173695359
"576",2021-09-01,346.61,0.00726836,47687.511350566
"577",2021-09-02,361.83,0.00728529,49665.8334808909
"578",2021-09-03,363.68,0.00728715,49907.0281248499
"579",2021-09-04,363.21,0.00725348,50073.8955646117
"580",2021-09-05,363.16,0.0072118,50356.3604093292
"581",2021-09-06,374.54,0.00723221,51787.766118517
"582",2021-09-07,362.74,0.0072592,49969.6936301521
"583",2021-09-08,322.71,0.00697034,46297.5981085571
"584",2021-09-09,322,0.00693665,46420.1019223977
"585",2021-09-10,318.54,0.00693677,45920.5076714379
"586",2021-09-11,314.48,0.00693143,45370.147285625
"587",2021-09-12,314.68,0.00689527,45637.081651625
"588",2021-09-13,309.5,0.00690803,44802.9322397268
"589",2021-09-14,318.69,0.00692039,46050.8728554316
"590",2021-09-15,330.65,0.00694807,47588.7548628612
"591",2021-09-16,333.55,0.0069635,47899.7630501903
"592",2021-09-17,330.86,0.00695375,47580.0826891965
"593",2021-09-18,333.79,0.00691985,48236.5947238741
"594",2021-09-19,329.01,0.00689311,47730.2697911393
"595",2021-09-20,307.92,0.00690016,44625.0521727032
"596",2021-09-21,290.93,0.00685355,42449.5334534657
"597",2021-09-22,287.03,0.00674286,42567.9904372922
"598",2021-09-23,296.12,0.00671495,44098.6157752478
"599",2021-09-24,289.95,0.00672217,43133.3929371022
"600",2021-09-25,285.42,0.00670111,42592.9435571122
"601",2021-09-26,286.07,0.00668375,42800.8228913409
"602",2021-09-27,291.18,0.00669023,43523.1673649486
"603",2021-09-28,281.21,0.00670601,41934.0263435336
"604",2021-09-29,280.89,0.00671615,41823.0682757234
"605",2021-09-30,290.5,0.00671488,43262.1282882196
"606",2021-10-01,309.19,0.00671174,46067.0407375733
"607",2021-10-02,320.87,0.00670679,47842.5595553163
"608",2021-10-03,320.89,0.00668181,48024.4125468997
"609",2021-10-04,322.62,0.00669889,48160.217588287
"610",2021-10-05,320.78,0.00640556,50078.3694165694
"611",2021-10-06,340.11,0.00642588,52928.1592560085
"612",2021-10-07,353.36,0.00650012,54362.0733155696
"613",2021-10-08,354.09,0.00650176,54460.6383502313
"614",2021-10-09,353.46,0.00645689,54741.5241703049
"615",2021-10-10,353.46,0.00640729,55165.2882888085
"616",2021-10-11,364.36,0.00642469,56712.4639476768
"617",2021-10-12,366.07,0.00646435,56629.0500978443
"618",2021-10-13,361.31,0.00644649,56047.5545606989
"619",2021-10-14,370.44,0.00642609,57646.2514530609
"620",2021-10-15,386.1,0.0064472,59886.4623402407
"621",2021-10-16,396.17,0.00646544,61275.0253656364
"622",2021-10-17,389.9,0.00640833,60842.684443529
"623",2021-10-18,395.4,0.00639892,61791.6773455521
"624",2021-10-19,399.73,0.00637174,62734.8259659057
"625",2021-10-20,412.85,0.00635474,64967.2527908302
"626",2021-10-21,411.94,0.00640386,64326.8278819337
"627",2021-10-22,396.6,0.00637826,62179.9675773644
"628",2021-10-23,387.88,0.00634945,61088.7557189993
"629",2021-10-24,384.31,0.00633032,60709.4112145989
"630",2021-10-25,396.12,0.00632663,62611.5325220536
"631",2021-10-26,395.35,0.00634528,62306.1551263301
"632",2021-10-27,378.07,0.00635295,59510.9358644409
"633",2021-10-28,381.75,0.00633595,60251.422438624
"634",2021-10-29,391.02,0.00634948,61582.9957728822
"635",2021-10-30,390.81,0.00634216,61620.961943565
"636",2021-10-31,381.93,0.00624934,61115.2537707982
"637",2021-11-01,360.39,0.00588003,61290.5036198795
"638",2021-11-02,369.2,0.00590256,62549.1312244179
"639",2021-11-03,371.04,0.00590311,62855.0035489767
"640",2021-11-04,365.26,0.00590507,61855.320936077
"641",2021-11-05,363.62,0.00590955,61530.9118291579
"642",2021-11-06,359.28,0.00589085,60989.5006662875
"643",2021-11-07,364.42,0.00586501,62134.5914158714
"644",2021-11-08,386.79,0.00587806,65802.322534986
"645",2021-11-09,401.44,0.00594425,67534.1716785129
"646",2021-11-10,396.17,0.00592474,66867.0692722381
"647",2021-11-11,383.53,0.00590695,64928.6010546898
"648",2021-11-12,378.71,0.00590056,64182.0437382215
"649",2021-11-13,377.13,0.00588838,64046.4779786631
"650",2021-11-14,364.7,0.00565574,64483.1622387168
"651",2021-11-15,364.93,0.00560541,65103.177109257
"652",2021-11-16,341.88,0.00562185,60812.7217908696
"653",2021-11-17,336.84,0.00562407,59892.5689047256
"654",2021-11-18,331.75,0.00562062,59023.7375947849
"655",2021-11-19,321.57,0.00561884,57230.6739469357
"656",2021-11-20,330.61,0.00563104,58712.0673978519
"657",2021-11-21,332.34,0.00561685,59168.395096896
"658",2021-11-22,321.97,0.00561167,57375.0772942814
"659",2021-11-23,320.19,0.0056253,56919.6309530158
"660",2021-11-24,319.15,0.00562234,56764.6211363952
"661",2021-11-25,328.42,0.00563564,58275.5463443371
"662",2021-11-26,314.69,0.00565096,55687.8831207441
"663",2021-11-27,307.24,0.0056182,54686.5544124453
"664",2021-11-28,308.34,0.00564455,54626.1438024289
"665",2021-11-29,327.37,0.00568264,57608.7874649811
"666",2021-11-30,327.1,0.0057022,57363.8244887938
"667",2021-12-01,329.51,0.0057397,57408.923811349
"668",2021-12-02,326.38,0.00575531,56709.3692607349
"669",2021-12-03,319.24,0.00571325,55877.127729401
"670",2021-12-04,280.25,0.00571443,49042.5116765802
"671",2021-12-05,282.8,0.00575504,49139.5368233757
"672",2021-12-06,278.82,0.0057076,48850.655266662
"673",2021-12-07,290.67,0.00569719,51019.8887521743
"674",2021-12-08,285.9,0.00568131,50322.9008802547
"675",2021-12-09,279.58,0.00569674,49077.1915165516
"676",2021-12-10,274.63,0.00569147,48252.9118136439
"677",2021-12-11,263.46,0.00543534,48471.6687456534
"678",2021-12-12,259.71,0.0052371,49590.4221802142
"679",2021-12-13,252.88,0.00524583,48205.9083119354
"680",2021-12-14,248.84,0.0052714,47205.6759115226
"681",2021-12-15,253.5,0.00526676,48132.0584192179
"682",2021-12-16,255.72,0.00526274,48590.658098253
"683",2021-12-17,248.02,0.00526856,47075.4817255569
"684",2021-12-18,245.73,0.00526934,46633.9237931126
"685",2021-12-19,247.26,0.0052387,47198.7325099739
"686",2021-12-20,243.58,0.00524587,46432.7175473277
"687",2021-12-21,254.81,0.00526231,48421.7007359886
"688",2021-12-22,257.51,0.00525632,48990.548520638
"689",2021-12-23,258.01,0.00525501,49097.9084721057
"690",2021-12-24,268.73,0.00526298,51060.4258423935
"691",2021-12-25,266.68,0.00524368,50857.413114454
"692",2021-12-26,262.09,0.00522391,50171.2318933519
"693",2021-12-27,267.37,0.00523408,51082.5207104209
"694",2021-12-28,257.75,0.00527456,48866.6353212401
"695",2021-12-29,251.26,0.00528037,47583.7867422169
"696",2021-12-30,248.77,0.00528162,47101.0788356603
"697",2021-12-31,250.86,0.00530478,47289.4257631796
"698",2022-01-01,246.99,0.00524158,47121.2878559518
"699",2022-01-02,246.82,0.00522386,47248.586294426
"700",2022-01-03,245.16,0.0052362,46820.2131316604
"701",2022-01-04,243.99,0.00525521,46428.2112417962
"702",2022-01-05,241.33,0.00525793,45898.290772224
"703",2022-01-06,227.32,0.0052753,43091.3881674976
"704",2022-01-07,220.9,0.00526031,41993.7228034089
"705",2022-01-08,218.4,0.00523629,41708.9198650189
"706",2022-01-09,218.37,0.00521082,41907.0319066865
"707",2022-01-10,216.77,0.00520908,41613.8742349897
"708",2022-01-11,220.68,0.00522809,42210.4439671084
"709",2022-01-12,225.74,0.00522517,43202.422122151
"710",2022-01-13,226.39,0.00521232,43433.6341590693
"711",2022-01-14,222.7,0.005208,42761.1367127496
"712",2022-01-15,224.35,0.00519985,43145.4753502505
"713",2022-01-16,223.9,0.0051935,43111.5817849235
"714",2022-01-17,221.05,0.0051953,42548.0722961138
"715",2022-01-18,218.55,0.00521071,41942.4608162803
"716",2022-01-19,218.27,0.00520694,41919.0541853757
"717",2022-01-20,219.52,0.00520065,42210.1083518406
"718",2022-01-21,187.13,0.00483719,38685.683216909
"719",2022-01-22,170.01,0.00478776,35509.2987117149
"720",2022-01-23,169.01,0.00476974,35433.7972300377
"721",2022-01-24,167.26,0.00476425,35107.3096499974
"722",2022-01-25,174.49,0.00477854,36515.3373206042
"723",2022-01-26,179.19,0.00477653,37514.681159754
"724",2022-01-27,174.17,0.00478957,36364.4335504022
"725",2022-01-28,177.13,0.00477986,37057.5707238287
"726",2022-01-29,181.03,0.00478452,37836.6063889377
"727",2022-01-30,181.13,0.00477126,37962.7184433462
"728",2022-01-31,179.71,0.00478304,37572.3389308891
"729",2022-02-01,184.7,0.00478799,38575.6862483004
"730",2022-02-02,182.28,0.00478979,38055.9481730932
"731",2022-02-03,175.79,0.00477469,36817.0499027162
"732",2022-02-04,184.45,0.00476848,38681.0891520988
"733",2022-02-05,199.65,0.00480609,41541.0447994108
"734",2022-02-06,198.72,0.00477499,41616.8410823897
"735",2022-02-07,205.7,0.00476939,43129.2052023424
"736",2022-02-08,210.11,0.0047881,43881.7067312713
"737",2022-02-09,210.46,0.00478813,43954.52922122
"738",2022-02-10,212.7,0.00479561,44353.0645736413
"739",2022-02-11,207.65,0.00480799,43188.5257664845
"740",2022-02-12,202.32,0.00477803,42343.811152295
"741",2022-02-13,201.34,0.00475432,42348.8532534621
"742",2022-02-14,200.87,0.00475477,42245.9971775712
"743",2022-02-15,209.19,0.00476511,43900.3506739614
"744",2022-02-16,209.67,0.00476415,44009.9493089009
"745",2022-02-17,198.09,0.00464171,42676.08273675
"746",2022-02-18,183.74,0.00454631,40415.1938605155
"747",2022-02-19,181.87,0.00453787,40078.2746090126
"748",2022-02-20,175.43,0.00452613,38759.3816350834
"749",2022-02-21,174.5,0.00453239,38500.6585929278
"750",2022-02-22,170.13,0.00454676,37417.8535924482
"751",2022-02-23,173.3,0.00453374,38224.512212875
"752",2022-02-24,164.14,0.00454218,36136.8329744748
"753",2022-02-25,176.92,0.0045558,38834.0137846262
"754",2022-02-26,178.4,0.00454767,39228.879843964
"755",2022-02-27,175.54,0.0045343,38713.8036742165
"756",2022-02-28,178.62,0.00453226,39410.8016751025
"757",2022-03-01,198.58,0.00454893,43654.2219818727
"758",2022-03-02,204.25,0.00463515,44065.4563498484
"759",2022-03-03,199.81,0.00463432,43115.2790484904
"760",2022-03-04,190.66,0.00465667,40943.4209424331
"761",2022-03-05,181.75,0.00464102,39161.6498097401
"762",2022-03-06,180.52,0.00462602,39022.7452540197
"763",2022-03-07,176.59,0.00461566,38258.8838865948
"764",2022-03-08,178.56,0.00462119,38639.3980771187
"765",2022-03-09,191.65,0.00461286,41546.8928170376
"766",2022-03-10,183.34,0.00462617,39631.0554951504
"767",2022-03-11,179.93,0.0046175,38966.9734704927
"768",2022-03-12,180.43,0.0046135,39109.1362306275
"769",2022-03-13,178.85,0.00459748,38901.746173991
"770",2022-03-14,178.23,0.00460141,38733.7794284795
"771",2022-03-15,180.18,0.0046182,39015.2007275562
"772",2022-03-16,185.62,0.00461276,40240.5501261718
"773",2022-03-17,188.92,0.00461779,40911.3450373447
"774",2022-03-18,189.65,0.00462897,40970.2374394304
"775",2022-03-19,193.82,0.0046293,41868.1010087918
"776",2022-03-20,192.06,0.00461185,41644.8930472587
"777",2022-03-21,189.73,0.00461511,41110.6127481252
"778",2022-03-22,196.46,0.00462633,42465.6261010347
"779",2022-03-23,196.05,0.00463908,42260.5344163067
"780",2022-03-24,200.81,0.00463204,43352.3890121847
"781",2022-03-25,205.63,0.00464238,44294.09053115
"782",2022-03-26,205.52,0.00462789,44409.0071285186
"783",2022-03-27,207.64,0.00461803,44962.8954337672
"784",2022-03-28,218.92,0.00462621,47321.6736810478
"785",2022-03-29,220.11,0.00462746,47566.0513543067
"786",2022-03-30,218.82,0.00463131,47247.9708764907
"787",2022-03-31,209.96,0.00449823,46676.1370583541
"788",2022-04-01,204.52,0.00449042,45545.8509449005
"789",2022-04-02,208.66,0.00449129,46458.8125015307
"790",2022-04-03,206.45,0.00445559,46335.0532701618
"791",2022-04-04,205.03,0.00445223,46051.080020574
"792",2022-04-05,206.17,0.00444888,46342.000683318
"793",2022-04-06,198.58,0.00445086,44616.0966644649
"794",2022-04-07,193.19,0.00444571,43455.3760816607
"795",2022-04-08,192.84,0.00445375,43298.3440920573
"796",2022-04-09,189.01,0.00445127,42462.0389237229
"797",2022-04-10,189.47,0.0044314,42756.2395631177
"798",2022-04-11,182.93,0.00443857,41213.7242400142
"799",2022-04-12,177.76,0.00445081,39938.7976570557
"800",2022-04-13,180.13,0.00445067,40472.5580642914
"801",2022-04-14,182.82,0.00449257,40693.8567456934
"802",2022-04-15,181.21,0.00450432,40230.2678317704
"803",2022-04-16,181.49,0.00449285,40395.2947460966
"804",2022-04-17,180.63,0.00448117,40308.6693876822
"805",2022-04-18,177.93,0.00448531,39669.4988752171
"806",2022-04-19,184.94,0.00450455,41056.2653317201
"807",2022-04-20,186.63,0.00450074,41466.5143954105
"808",2022-04-21,187.38,0.00449354,41699.8624692336
"809",2022-04-22,180.85,0.00450572,40137.8691973758
"810",2022-04-23,178.58,0.00450057,39679.4183847824
"811",2022-04-24,177.85,0.00448679,39638.5834861895
"812",2022-04-25,176.44,0.00449697,39235.3073291572
"813",2022-04-26,178.78,0.00450701,39667.0963676584
"814",2022-04-27,171.63,0.00442226,38810.4724733507
"815",2022-04-28,169.12,0.00426894,39616.3918911955
"816",2022-04-29,167.12,0.00427611,39082.2499888918
"817",2022-04-30,164.77,0.00427987,38498.8329084762
"818",2022-05-01,162.06,0.00425756,38064.0554683903
"819",2022-05-02,164.51,0.0042541,38670.9292212219
"820",2022-05-03,163.21,0.00426786,38241.6480390641
"821",2022-05-04,165.49,0.00426421,38809.0642815434
"822",2022-05-05,165.38,0.00430578,38408.8364942008
"823",2022-05-06,155.65,0.00430683,36140.2702219498
"824",2022-05-07,153.84,0.00429135,35848.8587507428
"825",2022-05-08,147.82,0.00427987,34538.4322421008
"826",2022-05-09,139.85,0.00428312,32651.4316666355
"827",2022-05-10,134.91,0.00430678,31325.0270503717
"828",2022-05-11,125.13,0.00409664,30544.5438212779
"829",2022-05-12,117.53,0.00414686,28341.9261802906
"830",2022-05-13,125.34,0.00416132,30120.2503051916
"831",2022-05-14,121.86,0.00415176,29351.4075958148
"832",2022-05-15,124.15,0.00412626,30087.7792480358
"833",2022-05-16,122.86,0.00410278,29945.5491154778
"834",2022-05-17,124.22,0.00410611,30252.4774056224
"835",2022-05-18,121.39,0.0041052,29569.8138945727
"836",2022-05-19,121.3,0.00410793,29528.2538894285
"837",2022-05-20,122.37,0.00410985,29774.8092996095
"838",2022-05-21,120.16,0.00410025,29305.5301506006
"839",2022-05-22,121.3,0.00407529,29764.7529378277
"840",2022-05-23,122.86,0.00408667,30063.597011748
"841",2022-05-24,119.85,0.004092,29288.8563049853
"842",2022-05-25,124.48,0.00418713,29729.1939825131
"843",2022-05-26,126.14,0.00428741,29421.0257474792
"844",2022-05-27,123.85,0.00429085,28863.7449456401
"845",2022-05-28,123.4,0.00427481,28866.7800440253
"846",2022-05-29,123.87,0.00425395,29118.8189800068
"847",2022-05-30,130.24,0.00425662,30597.0464828902
"848",2022-05-31,135.15,0.0042641,31694.8476818086
"849",2022-06-01,132.9,0.00428001,31051.329319324
"850",2022-06-02,129.32,0.00430674,30027.3524754222
"851",2022-06-03,128.82,0.00429923,29963.5050927724
"852",2022-06-04,127.17,0.0042848,29679.3315907394
"853",2022-06-05,126.81,0.00425582,29796.8429115893
"854",2022-06-06,132.88,0.0042544,31233.5464460323
"855",2022-06-07,127.63,0.00425443,29999.3183575708
"856",2022-06-08,128.55,0.00422246,30444.3381346419
"857",2022-06-09,126.84,0.00419558,30231.8153866688
"858",2022-06-10,124.42,0.00419931,29628.677092189
"859",2022-06-11,121.49,0.00421239,28841.1092040386
"860",2022-06-12,115.97,0.00420107,27604.8720921099
"861",2022-06-13,102.44,0.00423239,24203.8186462023
"862",2022-06-14,94.89,0.00428042,22168.3853453633
"863",2022-06-15,91.1,0.00426827,21343.5419971089
"864",2022-06-16,91.33,0.00426436,21417.0473412188
"865",2022-06-17,88.54,0.00428139,20680.199654785
"866",2022-06-18,82.42,0.00426494,19325.0080892111
"867",2022-06-19,81.47,0.00422591,19278.6879039071
"868",2022-06-20,85.58,0.00421729,20292.6523905162
"869",2022-06-21,88.72,0.00422572,20995.2386812188
"870",2022-06-22,86.31,0.00425229,20297.2986320312
"871",2022-06-23,88.91,0.00433217,20523.2019980749
"872",2022-06-24,91.17,0.00432349,21087.130998337
"873",2022-06-25,91.86,0.00432099,21259.0170308193
"874",2022-06-26,92.25,0.00431875,21360.3473227207
"875",2022-06-27,90.79,0.00431466,21042.2142185016
"876",2022-06-28,89.34,0.00431783,20690.9489257335
"877",2022-06-29,86.89,0.00431651,20129.6881045104
"878",2022-06-30,83.38,0.00431297,19332.3858037501
"879",2022-07-01,84.5,0.00432811,19523.5333667582
"880",2022-07-02,83.42,0.00434085,19217.4343734522
"881",2022-07-03,82.45,0.00430536,19150.5472248546
"882",2022-07-04,83.87,0.0042998,19505.558398065
"883",2022-07-05,86.64,0.00433464,19987.819057638
"884",2022-07-06,88.14,0.00436918,20173.1217299356
"885",2022-07-07,92.05,0.00443021,20777.7960864158
"886",2022-07-08,96.16,0.00442023,21754.5240858507
"887",2022-07-09,95.41,0.00441445,21613.1114861421
"888",2022-07-10,92.5,0.00437757,21130.4445160214
"889",2022-07-11,89.64,0.00438042,20463.791143315
"890",2022-07-12,86.86,0.00439853,19747.5065533258
"891",2022-07-13,86.37,0.00440612,19602.2804644449
"892",2022-07-14,90.31,0.00447687,20172.5759291648
"893",2022-07-15,92.69,0.00446024,20781.3929295285
"894",2022-07-16,92.24,0.00442027,20867.5035687865
"895",2022-07-17,93.34,0.00439948,21216.1437260767
"896",2022-07-18,96.22,0.00440785,21829.2364758329
"897",2022-07-19,100.15,0.0044457,22527.3860134512
"898",2022-07-20,104.63,0.00443928,23569.1373375863
"899",2022-07-21,103.38,0.00450703,22937.4998613277
"900",2022-07-22,107.9,0.00466245,23142.3393280357
"901",2022-07-23,104.42,0.00463804,22513.8204931393
"902",2022-07-24,104.07,0.00459493,22648.8760438135
"903",2022-07-25,100.82,0.00459349,21948.4531369394
"904",2022-07-26,96.81,0.00460305,21031.7072375925
"905",2022-07-27,99.62,0.00459975,21657.6987879776
"906",2022-07-28,107.44,0.00460801,23315.921623434
"907",2022-07-29,110.35,0.00461955,23887.6081003561
"908",2022-07-30,110.87,0.00461288,24034.8762595168
"909",2022-07-31,109.25,0.00460352,23731.8399833171
"910",2022-08-01,106.94,0.00460431,23226.0642745601
"911",2022-08-02,105.81,0.00460622,22971.1129733274
"912",2022-08-03,107.01,0.00461707,23177.0365188312
"913",2022-08-04,104.92,0.00459125,22852.1644432344
"914",2022-08-05,104.93,0.00454802,23071.5784011504
"915",2022-08-06,105.49,0.00454904,23189.5081159981
"916",2022-08-07,104.16,0.00451297,23080.1445611205
"917",2022-08-08,107.58,0.00452116,23794.7783312247
"918",2022-08-09,106.78,0.00455577,23438.4088748993
"919",2022-08-10,107.01,0.00457094,23410.9395441638
"920",2022-08-11,111.05,0.00455573,24375.8958498418
"921",2022-08-12,109.14,0.0045495,23989.4493900429
"922",2022-08-13,111.25,0.0045339,24537.37400472
"923",2022-08-14,110.74,0.004518,24510.8455068614
"924",2022-08-15,109.31,0.00450441,24267.3291285651
"925",2022-08-16,108.32,0.00451858,23972.1328381925
"926",2022-08-17,107.39,0.0045312,23700.1235875706
"927",2022-08-18,106.02,0.0045276,23416.3795388285
"928",2022-08-19,98.19,0.00449619,21838.4899214668
"929",2022-08-20,94.94,0.00448405,21172.8236750259
"930",2022-08-21,95.65,0.00447553,21371.7704942208
"931",2022-08-22,95.18,0.00447566,21266.1372847803
"932",2022-08-23,95.98,0.00448656,21392.781997789
"933",2022-08-24,96.22,0.00448136,21471.1605405502
"934",2022-08-25,96.82,0.00448244,21599.842942683
"935",2022-08-26,94.78,0.00447864,21162.6743832949
"936",2022-08-27,90.27,0.00448625,20121.4823070493
"937",2022-08-28,89.31,0.004467,19993.2840832774
"938",2022-08-29,89.42,0.00447606,19977.3908303285
"939",2022-08-30,90.36,0.00448691,20138.5808942011
"940",2022-08-31,85.15,0.0042145,20204.0574208091
"941",2022-09-01,82.39,0.00412585,19969.2184640741
"942",2022-09-02,83.04,0.00413347,20089.6583258134
"943",2022-09-03,82.37,0.00415151,19840.9735252956
"944",2022-09-04,81.22,0.00410128,19803.5735185113
"945",2022-09-05,81.29,0.00410758,19790.2414560398
"946",2022-09-06,80.76,0.00412025,19600.7523815302
"947",2022-09-07,78.05,0.00412847,18905.3087463394
"948",2022-09-08,79.56,0.00413116,19258.5133473407
"949",2022-09-09,85.76,0.00413622,20733.9068037967
"950",2022-09-10,88.11,0.00411901,21391.0624154833
"951",2022-09-11,88.63,0.0041013,21610.2211493917
"952",2022-09-12,90.85,0.00410516,22130.6843095032
"953",2022-09-13,88.14,0.00409206,21539.2736176889
"954",2022-09-14,81.02,0.00400623,20223.5018957973
"955",2022-09-15,79.94,0.00399966,19986.6988694039
"956",2022-09-16,78.82,0.00400004,19704.8029519705
"957",2022-09-17,79.92,0.0040064,19948.0830670927
"958",2022-09-18,78.95,0.00397556,19858.8374971073
"959",2022-09-19,75.59,0.00397682,19007.6493278549
"960",2022-09-20,76.43,0.00398478,19180.481732994
"961",2022-09-21,75.74,0.00398487,19006.8935749472
"962",2022-09-22,75.66,0.00398638,18979.625625254
"963",2022-09-23,76.09,0.00399291,19056.2772514282
"964",2022-09-24,76.07,0.00398731,19078.0250344217
"965",2022-09-25,75.28,0.00396595,18981.5807057578
"966",2022-09-26,75.62,0.00397654,19016.5319599451
"967",2022-09-27,78.85,0.00399526,19735.887026126
"968",2022-09-28,77.81,0.00406912,19122.0706196917
"969",2022-09-29,78.92,0.00406889,19395.9531960805
"970",2022-09-30,79.55,0.00407419,19525.3535058502
"971",2022-10-01,78.56,0.0040647,19327.3796344134
"972",2022-10-02,77.83,0.00404733,19229.9614807787
"973",2022-10-03,78.22,0.00404932,19316.8235654381
"974",2022-10-04,80.82,0.00405279,19941.8178588084
"975",2022-10-05,81.37,0.00404302,20126.044392558
"976",2022-10-06,81.6,0.00404922,20152.0292797131
"977",2022-10-07,80.09,0.00405148,19768.0847492768
"978",2022-10-08,78.75,0.00403987,19493.2015139101
"979",2022-10-09,78.39,0.00403139,19444.9060993851
"980",2022-10-10,72.99,0.00377559,19332.0779004076
"981",2022-10-11,67.87,0.00355971,19066.1598838108
"982",2022-10-12,68.15,0.00356484,19117.2675351488
"983",2022-10-13,68.12,0.00357964,19029.8465767507
"984",2022-10-14,69.99,0.00358632,19515.8268085391
"985",2022-10-15,68.48,0.00357725,19143.196589559
"986",2022-10-16,68.25,0.00356058,19168.2254014795
"987",2022-10-17,69.24,0.00356929,19398.8160110274
"988",2022-10-18,69.9,0.0035891,19475.6345601962
"989",2022-10-19,69.11,0.00359692,19213.6605762708
"990",2022-10-20,68.56,0.00358556,19121.1414674416
"991",2022-10-21,68.19,0.00357644,19066.4459630247
"992",2022-10-22,68.49,0.00357139,19177.4071159969
"993",2022-10-23,68.61,0.00356092,19267.4926704335
"994",2022-10-24,66.79,0.00345083,19354.7639263597
"995",2022-10-25,67.89,0.00346392,19599.1824291554
"996",2022-10-26,71.94,0.0035015,20545.4805083536
"997",2022-10-27,71.89,0.0034853,20626.6318537859
"998",2022-10-28,70.96,0.00347991,20391.3319597346
"999",2022-10-29,72.21,0.00347397,20786.0171504072
"1000",2022-10-30,71.87,0.00346793,20724.1784003714
"1001",2022-10-31,71.04,0.00346369,20509.9186128089
"1002",2022-11-01,71.04,0.00346497,20502.3420116192
"1003",2022-11-02,70.85,0.00347149,20409.1038718245
"1004",2022-11-03,70.6,0.0034856,20254.7624512279
"1005",2022-11-04,72.08,0.003481,20706.6934788854
"1006",2022-11-05,74.43,0.00348817,21337.8361719756
"1007",2022-11-06,73.54,0.0034661,21216.9296904302
"1008",2022-11-07,72.12,0.00347213,20771.1116807262
"1009",2022-11-08,68.3,0.0034919,19559.5521063032
"1010",2022-11-09,61.22,0.00349843,17499.2782476711
"1011",2022-11-10,59.45,0.00351484,16913.99893025
"1012",2022-11-11,60,0.00351533,17068.0988698074
"1013",2022-11-12,58.57,0.00348291,16816.3977823142
"1014",2022-11-13,57.87,0.00348148,16622.2411158473
"1015",2022-11-14,57.5,0.00349791,16438.3874942466
"1016",2022-11-15,59.53,0.00354074,16812.8696261234
"1017",2022-11-16,59.2,0.00354871,16682.1182908719
"1018",2022-11-17,58.92,0.00355023,16596.1078578008
"1019",2022-11-18,59.83,0.00357743,16724.2964921746
"1020",2022-11-19,59.25,0.00356354,16626.7251104239
"1021",2022-11-20,57.91,0.00349514,16568.7211384952
"1022",2022-11-21,55.86,0.00348737,16017.8013804099
"1023",2022-11-22,55.92,0.00351039,15929.853947852
"1024",2022-11-23,57.88,0.00351733,16455.6638131765
"1025",2022-11-24,58.45,0.00352281,16591.868423219
"1026",2022-11-25,57.87,0.00351054,16484.6433881967
"1027",2022-11-26,58.41,0.00352886,16552.0876430349
"1028",2022-11-27,57.82,0.00349721,16533.1793057895
"1029",2022-11-28,56.4,0.0034805,16204.568309151
"1030",2022-11-29,57.38,0.00349714,16407.6931435401
"1031",2022-11-30,59.05,0.0034938,16901.3681378442
"1032",2022-12-01,59.84,0.00350813,17057.5206734072
"1033",2022-12-02,59.7,0.00351899,16965.0950983095
"1034",2022-12-03,59.81,0.00352381,16973.1058144452
"1035",2022-12-04,59.27,0.00348271,17018.3563948764
"1036",2022-12-05,59.67,0.00347474,17172.5078710925
"1037",2022-12-06,63.45,0.00373275,16998.191681736
"1038",2022-12-07,63.42,0.0037568,16881.3884156729
"1039",2022-12-08,63.09,0.00372564,16934.0032853416
"1040",2022-12-09,64.01,0.00372445,17186.4302111721
"1041",2022-12-10,63.9,0.00372417,17158.1855822908
"1042",2022-12-11,63.65,0.00370985,17157.0279121797
"1043",2022-12-12,63.05,0.00370878,17000.1995265289
"1044",2022-12-13,65.1,0.00372655,17469.2409869719
"1045",2022-12-14,66.44,0.0037178,17870.7837968691
"1046",2022-12-15,65.95,0.00375099,17582.0250120635
"1047",2022-12-16,63.93,0.00373957,17095.5484186685
"1048",2022-12-17,62.73,0.00375597,16701.4113531258
"1049",2022-12-18,62.45,0.0037314,16736.3456075468
"1050",2022-12-19,61.46,0.00368455,16680.4630144794
"1051",2022-12-20,60.96,0.0036306,16790.613121798
"1052",2022-12-21,61.05,0.00362801,16827.4067601798
"1053",2022-12-22,60.79,0.00362311,16778.4030846428
"1054",2022-12-23,60.97,0.00362365,16825.5764215639
"1055",2022-12-24,61.31,0.00364296,16829.7208863122
"1056",2022-12-25,61.18,0.00363815,16816.2390225802
"1057",2022-12-26,60.93,0.00361671,16846.802757202
"1058",2022-12-27,61.26,0.00364683,16798.1507226824
"1059",2022-12-28,60.62,0.00364531,16629.5870584395
"1060",2022-12-29,60.27,0.00363423,16583.9806506468
"1061",2022-12-30,60.16,0.00363701,16541.0598266158
"1062",2022-12-31,59.84,0.00361385,16558.5179240976
"1063",2023-01-01,59.42,0.00359092,16547.2915018992
"1064",2023-01-02,59.77,0.00358256,16683.6005537939
"1065",2023-01-03,61.77,0.00370256,16683.0517263731
"1066",2023-01-04,62.96,0.00374257,16822.6646395391
"1067",2023-01-05,63.02,0.00374544,16825.7934982272
"1068",2023-01-06,62.92,0.00374006,16823.2595199008
"1069",2023-01-07,63.01,0.00372148,16931.4358803487
"1070",2023-01-08,62.98,0.00371737,16942.0853990859
"1071",2023-01-09,64.12,0.00372036,17234.8912470836
"1072",2023-01-10,64.47,0.00372954,17286.3141298927
"1073",2023-01-11,65.08,0.00372827,17455.8173093687
"1074",2023-01-12,68.7,0.00374545,18342.2552697273
"1075",2023-01-13,71.6,0.00375379,19074.055820917
"1076",2023-01-14,78,0.00374673,20818.1534297908
"1077",2023-01-15,76.51,0.00368227,20777.9440399536
"1078",2023-01-16,70.96,0.00337261,21040.0846821898
"1079",2023-01-17,71.75,0.00338515,21195.5157083143
"1080",2023-01-18,71.77,0.00339826,21119.6318115742
"1081",2023-01-19,70.98,0.00340435,20849.7951150734
"1082",2023-01-20,72.66,0.00341015,21306.9806313505
"1083",2023-01-21,78.36,0.0034242,22884.1773260908
"1084",2023-01-22,77.46,0.00339651,22805.7623855075
"1085",2023-01-23,77.51,0.00339476,22832.2473459096
"1086",2023-01-24,78.11,0.00340133,22964.5462216251
"1087",2023-01-25,77.17,0.00339854,22706.8093946224
"1088",2023-01-26,78.04,0.00338282,23069.5100537421
"1089",2023-01-27,77.91,0.00338736,23000.21255491
"1090",2023-01-28,78.16,0.0033946,23024.8041006304
"1091",2023-01-29,76.48,0.00326318,23437.2605862993
"1092",2023-01-30,75.08,0.00322556,23276.5783305845
"1093",2023-01-31,74.71,0.00325338,22963.8099453491
"1094",2023-02-01,75.93,0.00327726,23168.7446220318
"1095",2023-02-02,77.92,0.00327148,23817.9661804443
"1096",2023-02-03,76.86,0.00327376,23477.5915155662
"1097",2023-02-04,77,0.00329192,23390.6048749666
"1098",2023-02-05,75.35,0.00324763,23201.5346575811
"1099",2023-02-06,74.53,0.0032533,22909.0461992438
"1100",2023-02-07,75.18,0.00327064,22986.3268351148
"1101",2023-02-08,75.44,0.00326614,23097.6014500297
"1102",2023-02-09,73.55,0.00326388,22534.5294557398
"1103",2023-02-10,71.15,0.00326743,21775.5238826846
"1104",2023-02-11,71.36,0.00328789,21703.8891203781
"1105",2023-02-12,71.57,0.0032735,21863.4489078967
"1106",2023-02-13,71.11,0.00327776,21694.6939373231
"1107",2023-02-14,72.12,0.00329157,21910.5168658118
"1108",2023-02-15,75.27,0.00331531,22703.7592261357
"1109",2023-02-16,81.34,0.00330468,24613.5783192321
"1110",2023-02-17,79.27,0.0033006,24016.8454220445
"1111",2023-02-18,80.77,0.00328113,24616.5193088966
"1112",2023-02-19,80.45,0.00326417,24646.3879025909
"1113",2023-02-20,80.54,0.00326561,24663.0797921368
"1114",2023-02-21,80.74,0.00326965,24693.7745630266
"1115",2023-02-22,78.56,0.00327086,24018.1481322955
"1116",2023-02-23,78.93,0.00327093,24130.7518045327
"1117",2023-02-24,77.35,0.00327317,23631.5254019803
"1118",2023-02-25,69.34,0.00300813,23050.8654878612
"1119",2023-02-26,69.24,0.00297642,23262.8459693188
"1120",2023-02-27,69.65,0.00297007,23450.6257428276
"1121",2023-02-28,70.16,0.00300156,23374.511920468
"1122",2023-03-01,70.91,0.00300493,23597.8874715884
"1123",2023-03-02,69.98,0.00298676,23430.0713816979
"1124",2023-03-03,67.34,0.00300377,22418.4940924239
"1125",2023-03-04,66.81,0.00299155,22332.9043472447
"1126",2023-03-05,66.69,0.00297431,22422.0071209793
"1127",2023-03-06,66.83,0.00298132,22416.2451531536
"1128",2023-03-07,67.03,0.00300192,22329.0427459759
"1129",2023-03-08,66.05,0.00299529,22051.2871875511
"1130",2023-03-09,65.18,0.0030444,21409.8016029431
"1131",2023-03-10,61.43,0.00307567,19972.8839569915
"1132",2023-03-11,61.01,0.00299312,20383.4126262896
"1133",2023-03-12,61.47,0.00295265,20818.5866933094
"1134",2023-03-13,68.25,0.00295613,23087.6179329055
"1135",2023-03-14,74.15,0.00297919,24889.3155522139
"1136",2023-03-15,74.21,0.00300546,24691.7277222122
"1137",2023-03-16,74,0.00299401,24716.0163125708
"1138",2023-03-17,79.28,0.00300906,26347.0984294098
"1139",2023-03-18,82.49,0.00300992,27406.0440144589
"1140",2023-03-19,81.76,0.00297308,27500.1009054583
"1141",2023-03-20,83.11,0.00297523,27933.9748523644
"1142",2023-03-21,83.45,0.00297861,28016.4237681335
"1143",2023-03-22,83.73,0.00297995,28097.7868756187
"1144",2023-03-23,82.85,0.00297669,27832.928521277
"1145",2023-03-24,78.09,0.00278983,27990.9528537581
"1146",2023-03-25,76.86,0.00279276,27521.1618613844
"1147",2023-03-26,76.54,0.00275831,27748.8752170713
"1148",2023-03-27,75.76,0.00274862,27562.9224847378
"1149",2023-03-28,74.73,0.00276334,27043.3605709033
"1150",2023-03-29,77.8,0.002769,28096.7858432647
"1151",2023-03-30,78.44,0.00276317,28387.6851587126
"1152",2023-03-31,77.85,0.00275939,28212.757167345
"1153",2023-04-01,79.56,0.00279517,28463.385053503
"1154",2023-04-02,78.13,0.00276146,28293.0044251954
"1155",2023-04-03,77.2,0.00275769,27994.4446257556
"1156",2023-04-04,78.04,0.00277888,28083.2565637955
"1157",2023-04-05,78.76,0.00277708,28360.7242139225
"1158",2023-04-06,77.2,0.00275505,28021.2700313969
"1159",2023-04-07,75.77,0.0027108,27951.1583296444
"1160",2023-04-08,75.53,0.00269663,28009.0334973652
"1161",2023-04-09,75.08,0.0026786,28029.5676846114
"1162",2023-04-10,76.82,0.00268395,28621.9937033104
"1163",2023-04-11,81.53,0.00270629,30126.1136094062
"1164",2023-04-12,81.06,0.00270009,30021.2215148384
"1165",2023-04-13,81.57,0.00269744,30239.7829052731
"1166",2023-04-14,82.62,0.00269902,30611.1106994391
"1167",2023-04-15,81.95,0.00269616,30395.0804106581
"1168",2023-04-16,81.33,0.00268157,30329.2474184899
"1169",2023-04-17,79.56,0.00267744,29714.951595554
"1170",2023-04-18,80.3,0.00268008,29961.7921853079
"1171",2023-04-19,79.31,0.00268124,29579.5974996643
"1172",2023-04-20,76.31,0.0026613,28673.9563371285
"1173",2023-04-21,74.17,0.00265328,27954.0794789845
"1174",2023-04-22,72.34,0.00263709,27431.7524240735
"1175",2023-04-23,72.33,0.00262209,27584.8655080489
"1176",2023-04-24,72.23,0.00262638,27501.732422574
"1177",2023-04-25,73.16,0.00265686,27536.2646131147
"1178",2023-04-26,76.96,0.00266845,28840.7127733328
"1179",2023-04-27,78.73,0.00269979,29161.5273780553
"1180",2023-04-28,79.53,0.0027099,29347.946418687
"1181",2023-04-29,79.57,0.00271436,29314.4608673868
"1182",2023-04-30,79.53,0.00270923,29355.2042462249
"1183",2023-05-01,77.4,0.00272156,28439.5714222725
"1184",2023-05-02,79.47,0.00280928,28288.3870600296
"1185",2023-05-03,84.98,0.00297387,28575.559792459
"1186",2023-05-04,83.88,0.00289181,29006.055031278
"1187",2023-05-05,88.33,0.0030143,29303.6525893242
"1188",2023-05-06,91.37,0.003131,29182.3698498882
"1189",2023-05-07,95.51,0.00329392,28995.8468936708
"1190",2023-05-08,121.64,0.00433223,28077.9183007366
"1191",2023-05-09,115.98,0.00418412,27719.0902746575
"1192",2023-05-10,102.26,0.00368455,27753.728406454
"1193",2023-05-11,87.57,0.00320797,27297.636823287
"1194",2023-05-12,83.53,0.0031506,26512.4103345395
"1195",2023-05-13,81.52,0.00303818,26831.8532805825
"1196",2023-05-14,77.82,0.0028955,26876.1871870143
"1197",2023-05-15,77.17,0.00282313,27334.9084172532
"1198",2023-05-16,78.82,0.00291163,27070.7473133606
"1199",2023-05-17,77.79,0.00288007,27009.7601794401
"1200",2023-05-18,76.52,0.00281806,27153.4317935033
"1201",2023-05-19,77.3,0.00287666,26871.4411852635
"1202",2023-05-20,76.3,0.00283264,26936.003163127
"1203",2023-05-21,74.29,0.00275282,26986.8716443502
"1204",2023-05-22,73.18,0.00272887,26816.9608665858
"1205",2023-05-23,74.22,0.00272465,27240.1959884756
"1206",2023-05-24,72.65,0.00272903,26621.1804194164
"1207",2023-05-25,72.4,0.0027522,26306.2277450767
"1208",2023-05-26,74.46,0.00280126,26580.8957397742
"1209",2023-05-27,73.58,0.00275257,26731.3819448733
"1210",2023-05-28,73.71,0.00269722,27328.1378604637
"1211",2023-05-29,75.34,0.00270276,27875.2090455682
"1212",2023-05-30,76,0.00273417,27796.3696478273
"1213",2023-05-31,74.02,0.00271985,27214.7361067706
"1214",2023-06-01,71.51,0.00265743,26909.4576338793
"1215",2023-06-02,71.65,0.00264671,27071.345179487
"1216",2023-06-03,70.84,0.00260807,27161.8476497947
"1217",2023-06-04,69.96,0.00257487,27170.30374349
"1218",2023-06-05,67.84,0.00256564,26441.7455293806
"1219",2023-06-06,69.02,0.00264193,26124.8405521721
"1220",2023-06-07,73.14,0.00273176,26773.9479310042
"1221",2023-06-08,70.79,0.00267229,26490.3883934753
"1222",2023-06-09,69.4,0.00261685,26520.4348739897
"1223",2023-06-10,67.76,0.00262208,25842.0795704174
"1224",2023-06-11,65.87,0.00254789,25852.7644443049
"1225",2023-06-12,65.93,0.00254725,25882.8148002748
"1226",2023-06-13,66.6,0.00256153,26000.0858861696
"1227",2023-06-14,65.46,0.00253422,25830.4330326491
"1228",2023-06-15,63.12,0.00251402,25107.1988289671
"1229",2023-06-16,64.57,0.00250592,25766.9837824033
"1230",2023-06-17,66.96,0.00252914,26475.4027060582
"1231",2023-06-18,66.12,0.00249362,26515.6679846969
"1232",2023-06-19,65.7,0.0024779,26514.387182695
"1233",2023-06-20,67.84,0.00249336,27208.2651522444
"1234",2023-06-21,73.83,0.00251941,29304.4800171469
"1235",2023-06-22,76.52,0.0025424,30097.54562618
"1236",2023-06-23,76.36,0.00251636,30345.4195743057
"1237",2023-06-24,76.89,0.00251106,30620.5347542472
"1238",2023-06-25,76.02,0.00248319,30613.8475106617
"1239",2023-06-26,75,0.00247711,30277.2182099301
"1240",2023-06-27,75.94,0.00248814,30520.7906307523
"1241",2023-06-28,75.69,0.00249849,30294.2977558445
"1242",2023-06-29,78.79,0.00259145,30403.8279727566
"1243",2023-06-30,78.58,0.00257133,30560.0603578693
"1244",2023-07-01,78.35,0.00256881,30500.5041244779
"1245",2023-07-02,77.78,0.00254759,30530.8153980821
"1246",2023-07-03,78.36,0.00254214,30824.4235171942
"1247",2023-07-04,79.19,0.00255583,30984.0638853132
"1248",2023-07-05,77.67,0.00253928,30587.4106045808
"1249",2023-07-06,77.46,0.00253887,30509.6361767243
"1250",2023-07-07,76.4,0.0025318,30176.1592542855
"1251",2023-07-08,76.03,0.0025182,30192.2007783337
"1252",2023-07-09,76.03,0.00251464,30234.9441669583
"1253",2023-07-10,76.18,0.00251793,30255.0110606729
"1254",2023-07-11,77.04,0.00252678,30489.3975731959
"1255",2023-07-12,73.3,0.00239834,30562.8059407757
"1256",2023-07-13,73.21,0.00238394,30709.6655117159
"1257",2023-07-14,74.3,0.00239641,31004.7112138574
"1258",2023-07-15,72.38,0.00238717,30320.4212519427
"1259",2023-07-16,71.89,0.00237243,30302.2639234877
"1260",2023-07-17,71.62,0.00237286,30182.9859325877
"1261",2023-07-18,71.16,0.00237615,29947.6043179092
"1262",2023-07-19,71.29,0.0023777,29982.7564453043
"1263",2023-07-20,71.54,0.00238533,29991.6573388169
"1264",2023-07-21,71.78,0.0024041,29857.3270662618
"1265",2023-07-22,72.25,0.00241765,29884.3918681364
"1266",2023-07-23,73.01,0.00243818,29944.4667743973
"1267",2023-07-24,70.65,0.00239726,29471.1462252739
"1268",2023-07-25,69.57,0.00238435,29177.7633317256
"1269",2023-07-26,70.75,0.00241599,29284.0616062153
"1270",2023-07-27,72.12,0.00245712,29351.43582731
"1271",2023-07-28,71.96,0.00245889,29265.2375665443
"1272",2023-07-29,72,0.00245494,29328.6190293856
"1273",2023-07-30,71.72,0.00244767,29301.3355558552
"1274",2023-07-31,71.61,0.00244174,29327.4468207098
"1275",2023-08-01,71.14,0.00245217,29011.0392020129
"1276",2023-08-02,72.18,0.00245281,29427.4729799699
"1277",2023-08-03,71.64,0.00245608,29168.430995733
"1278",2023-08-04,71.97,0.00246935,29145.3216433474
"1279",2023-08-05,71.64,0.00246763,29031.9051073297
"1280",2023-08-06,71.06,0.00244717,29037.6230502989
"1281",2023-08-07,71.09,0.0024474,29047.1520797581
"1282",2023-08-08,72.9,0.00247564,29446.9308946373
"1283",2023-08-09,73.66,0.00247914,29711.9162290149
"1284",2023-08-10,72.77,0.00246781,29487.6834116079
"1285",2023-08-11,72.45,0.00246551,29385.4009920868
"1286",2023-08-12,72.12,0.00245286,29402.4118783787
"1287",2023-08-13,71.74,0.00244194,29378.2812026503
"1288",2023-08-14,71.63,0.00243823,29377.8683717287
"1289",2023-08-15,71.51,0.00243953,29313.0234102471
"1290",2023-08-16,71.11,0.00244383,29097.7686663966
"1291",2023-08-17,68.81,0.00244236,28173.5698259061
"1292",2023-08-18,64.51,0.00245302,26298.1956934717
"1293",2023-08-19,63.91,0.00245802,26000.6021106419
"1294",2023-08-20,63.66,0.0024369,26123.353440847
"1295",2023-08-21,63.51,0.00243652,26065.8644295963
"1296",2023-08-22,62.43,0.00240306,25979.3762952236
"1297",2023-08-23,60.4,0.00230807,26169.0503320956
"1298",2023-08-24,60.69,0.00230899,26284.2195072304
"1299",2023-08-25,60.06,0.0023062,26042.8410372041
"1300",2023-08-26,60.08,0.00230794,26031.8725790099
"1301",2023-08-27,60.02,0.00230312,26060.3008093369
"1302",2023-08-28,59.98,0.00230464,26025.7567342405
"1303",2023-08-29,61.65,0.00230838,26707.0413016921
"1304",2023-08-30,63.26,0.00231229,27358.160092376
"1305",2023-08-31,62.4,0.00232229,26870.0291522592
"1306",2023-09-01,60.19,0.00232462,25892.4039197804
"1307",2023-09-02,59.9,0.00231985,25820.6349548462
"1308",2023-09-03,59.87,0.00231054,25911.6916391839
"1309",2023-09-04,59.8,0.00230942,25893.947398048
"1310",2023-09-05,59.72,0.00232132,25726.7416814571
"1311",2023-09-06,61.54,0.00239295,25717.2109739025
"1312",2023-09-07,62.15,0.0024063,25828.0347421352
"1313",2023-09-08,62.57,0.00240495,26017.1729141978
"1314",2023-09-09,62.59,0.00241943,25869.7296470656
"1315",2023-09-10,62.16,0.00240799,25814.0606896208
"1316",2023-09-11,61.94,0.00242953,25494.6429967936
"1317",2023-09-12,62.05,0.00239811,25874.5428691761
"1318",2023-09-13,62.75,0.00240519,26089.4149734532
"1319",2023-09-14,63.37,0.00239639,26443.9427639074
"1320",2023-09-15,63.31,0.0023885,26506.1754239062
"1321",2023-09-16,63.37,0.0023856,26563.547954393
"1322",2023-09-17,63.37,0.00238835,26532.9620867963
"1323",2023-09-18,64.79,0.00241175,26864.3101482326
"1324",2023-09-19,63.97,0.00236522,27046.1098756141
"1325",2023-09-20,62.87,0.00231806,27121.8173817761
"1326",2023-09-21,62.14,0.00232067,26776.7498179405
"1327",2023-09-22,61.71,0.00231927,26607.5101217193
"1328",2023-09-23,61.76,0.00232376,26577.6155885289
"1329",2023-09-24,61.22,0.00230511,26558.3855000412
"1330",2023-09-25,59.84,0.00228463,26192.4250316244
"1331",2023-09-26,59.73,0.0022767,26235.3406245882
"1332",2023-09-27,59.7,0.002269,26311.1502864698
"1333",2023-09-28,60.65,0.00227396,26671.5333603054
"1334",2023-09-29,61.21,0.00227067,26956.8012965336
"1335",2023-09-30,61.11,0.00226566,26972.2729800588
"1336",2023-10-01,61.21,0.00225249,27174.3714733473
"1337",2023-10-02,63.18,0.00225197,28055.4359072279
"1338",2023-10-03,62.01,0.00225619,27484.3873964515
"1339",2023-10-04,62.27,0.0022628,27519.0030051264
"1340",2023-10-05,62.59,0.00226453,27639.2893889681
"1341",2023-10-06,63,0.00227311,27715.3327379669
"1342",2023-10-07,64.14,0.00229529,27944.1813452766
"1343",2023-10-08,62.55,0.00223923,27933.7093554481
"1344",2023-10-09,61.8,0.00223276,27678.7473799244
"1345",2023-10-10,61.52,0.00223487,27527.3282114843
"1346",2023-10-11,60.32,0.0022331,27011.7773498724
"1347",2023-10-12,60.1,0.00224616,26756.7760088329
"1348",2023-10-13,60.31,0.0022495,26810.4023116248
"1349",2023-10-14,60.18,0.00223843,26884.9148733711
"1350",2023-10-15,59.79,0.00221914,26942.8697603576
"1351",2023-10-16,60.2,0.00215688,27910.6858054227
"1352",2023-10-17,59.81,0.00210582,28402.2376081526
"1353",2023-10-18,59.73,0.00210233,28411.3340912226
"1354",2023-10-19,59.85,0.0021007,28490.5031656115
"1355",2023-10-20,62.11,0.00210926,29446.3461119065
"1356",2023-10-21,62.66,0.00210237,29804.4587774749
"1357",2023-10-22,62.56,0.00209044,29926.7139932263
"1358",2023-10-23,64.56,0.00208825,30915.8386208548
"1359",2023-10-24,72.27,0.00211994,34090.5874694567
"1360",2023-10-25,74.19,0.00216046,34339.9090934338
"1361",2023-10-26,73.37,0.00213637,34343.3019561218
"1362",2023-10-27,72.1,0.00212249,33969.5357810873
"1363",2023-10-28,71.82,0.00210665,34092.0418674198
"1364",2023-10-29,71.93,0.00209647,34310.0545202173
"1365",2023-10-30,70.71,0.00205245,34451.5091719652
"1366",2023-10-31,70.52,0.00204997,34400.5034220013
"1367",2023-11-01,71.12,0.00205544,34600.8640485735
"1368",2023-11-02,72.6,0.0020645,35165.8997335917
"1369",2023-11-03,71.42,0.0020679,34537.4534551961
"1370",2023-11-04,74.31,0.00213623,34785.5802043787
"1371",2023-11-05,76,0.00216727,35067.1582220951
"1372",2023-11-06,75.68,0.0021614,35014.3425557509
"1373",2023-11-07,77.14,0.00220506,34983.1750609961
"1374",2023-11-08,79.66,0.00224994,35405.3885881401
"1375",2023-11-09,87.64,0.00239387,36610.1751557102
"1376",2023-11-10,91.72,0.00248266,36944.2452852988
"1377",2023-11-11,84.73,0.00228444,37090.0527043827
"1378",2023-11-12,82.27,0.00221827,37087.4600476948
"1379",2023-11-13,81.21,0.00220194,36881.11392681
"1380",2023-11-14,79.18,0.00218543,36230.8561701816
"1381",2023-11-15,79.17,0.00218222,36279.5685127989
"1382",2023-11-16,90.03,0.00243881,36915.5448763946
"1383",2023-11-17,92.99,0.00255697,36367.2628149724
"1384",2023-11-18,91.31,0.00250111,36507.7905409998
"1385",2023-11-19,88.62,0.00241767,36655.1266301853
"1386",2023-11-20,85.39,0.00228879,37307.9225267499
"1387",2023-11-21,85.62,0.00230502,37145.0139261265
"1388",2023-11-22,83.49,0.00227695,36667.4718373263
"1389",2023-11-23,88.18,0.00236265,37322.4980424523
"1390",2023-11-24,84.44,0.00224299,37646.1776468018
"1391",2023-11-25,80.26,0.00212454,37777.5895017274
"1392",2023-11-26,75.77,0.00201453,37611.750631661
"1393",2023-11-27,75.52,0.00203226,37160.5995295877
"1394",2023-11-28,76.16,0.00203395,37444.3816219671
"1395",2023-11-29,75.6,0.00199163,37958.8578199766
"1396",2023-11-30,75.43,0.00199628,37785.2806219568
"1397",2023-12-01,78.1,0.00203284,38419.1574349186
"1398",2023-12-02,77.28,0.00198598,38912.7785778306
"1399",2023-12-03,81.52,0.00206052,39562.828800497
"1400",2023-12-04,87.11,0.00210227,41436.1618631289
"1401",2023-12-05,95.37,0.0022483,42418.7163634746
"1402",2023-12-06,108.41,0.00247083,43875.9445206671
"1403",2023-12-07,103.47,0.00237488,43568.5171461295
"1404",2023-12-08,98.81,0.00226286,43665.980219722
"1405",2023-12-09,93.49,0.00212302,44036.3256116287
"1406",2023-12-10,93.68,0.00213775,43821.7752309671
"1407",2023-12-11,88.44,0.00210954,41923.8317358287
"1408",2023-12-12,87.86,0.00211543,41532.9271117456
"1409",2023-12-13,89.77,0.00215621,41633.2360948145
"1410",2023-12-14,105.61,0.00246428,42856.331261058
"1411",2023-12-15,111.41,0.00262328,42469.7325485652
"1412",2023-12-16,111.02,0.0026267,42265.9610918643
"1413",2023-12-17,130.97,0.00312525,41907.0474362051
"1414",2023-12-18,112.49,0.00271924,41368.17640223
"1415",2023-12-19,112.94,0.00264543,42692.4923358395
"1416",2023-12-20,115.13,0.00266619,43181.4686875279
"1417",2023-12-21,118.22,0.00270364,43726.2357414449
"1418",2023-12-22,114.01,0.00260182,43819.32647147
"1419",2023-12-23,95.03,0.00217435,43705.0152919263
"1420",2023-12-24,90.83,0.00208118,43643.5099318656
"1421",2023-12-25,88.67,0.0020461,43336.1028297737
"1422",2023-12-26,88.56,0.00207365,42707.3035468859
"1423",2023-12-27,92.11,0.00214966,42848.6365285673
"1424",2023-12-28,102.56,0.00238887,42932.4324890011
"1425",2023-12-29,92.12,0.00217136,42425.0239481247
"1426",2023-12-30,92.89,0.00220638,42100.6354299803
"1427",2023-12-31,97.87,0.0023065,42432.2566659441
"1428",2024-01-01,98.96,0.00231283,42787.4076348024
"1429",2024-01-02,93.54,0.00206639,45267.3503065733
"1430",2024-01-03,88.74,0.0020194,43943.7456670298
"1431",2024-01-04,86.34,0.00198474,43501.9196469059
"1432",2024-01-05,85.82,0.00195988,43788.3952078699
"1433",2024-01-06,84.55,0.00192809,43851.6874212303
"1434",2024-01-07,83.15,0.00188577,44093.3942103226
"1435",2024-01-08,86.06,0.001917,44893.0620761607
"1436",2024-01-09,92.37,0.00197993,46653.1645058159
"1437",2024-01-10,87.11,0.00190097,45823.9740763926
"1438",2024-01-11,87.05,0.00186901,46575.4597353679
"1439",2024-01-12,85.95,0.0019068,45075.5191944619
"1440",2024-01-13,80.66,0.00188214,42855.473025386
"1441",2024-01-14,88.99,0.00208183,42746.0455464663
"1442",2024-01-15,90.33,0.00212117,42584.9884733425
"1443",2024-01-16,84.76,0.00197498,42916.8902976233
"1444",2024-01-17,84.72,0.00198404,42700.7520009677
"1445",2024-01-18,82.97,0.00196553,42212.5330063647
"1446",2024-01-19,78.84,0.00191097,41256.5346394763
"1447",2024-01-20,79.24,0.00190499,41596.0188767395
"1448",2024-01-21,80.47,0.00193091,41674.6508123113
"1449",2024-01-22,78.68,0.00193295,40704.622468248
"1450",2024-01-23,75.88,0.00192592,39399.3519980061
"1451",2024-01-24,77.35,0.0019385,39901.9860717049
"1452",2024-01-25,75.61,0.00189319,39937.8826213956
"1453",2024-01-26,77.15,0.00188521,40923.8228101909
"1454",2024-01-27,79.08,0.00189082,41823.1243587438
"1455",2024-01-28,79.71,0.00188683,42245.4593153596
"1456",2024-01-29,80.09,0.00188587,42468.4628314783
"1457",2024-01-30,82.04,0.00188978,43412.4607097122
"1458",2024-01-31,81.22,0.00189302,42904.9877972763
"1459",2024-02-01,80.4,0.00189478,42432.3668183114
"1460",2024-02-02,79.51,0.00184696,43049.1185515658
"1461",2024-02-03,78.45,0.00182058,43090.6634149557
"1462",2024-02-04,83.58,0.0019494,42874.730686365
"1463",2024-02-05,77.05,0.00180225,42752.1154112914
"1464",2024-02-06,75.68,0.00176308,42924.8814574495
"1465",2024-02-07,76.16,0.00176054,43259.4544855556
"1466",2024-02-08,80.09,0.0017854,44858.2950599306
"1467",2024-02-09,82.41,0.00176196,46771.7768848328
"1468",2024-02-10,82.54,0.00174226,47375.2482407907
"1469",2024-02-11,83.42,0.00173228,48156.1872214653
"1470",2024-02-12,84.52,0.00173207,48797.1040431391
"1471",2024-02-13,88.53,0.00178351,49638.0732376045
"1472",2024-02-14,89.77,0.00176473,50868.9714573901
"1473",2024-02-15,88.29,0.00169439,52107.2480361664
"1474",2024-02-16,83.15,0.00159744,52052.0332532051
"1475",2024-02-17,82.31,0.00159401,51637.0662668365
"1476",2024-02-18,82.07,0.00158585,51751.4266796986
"1477",2024-02-19,82.82,0.00158873,52129.6884933249
"1478",2024-02-20,82.68,0.00159356,51883.8324255127
"1479",2024-02-21,82.03,0.00159356,51475.9406611612
"1480",2024-02-22,82.15,0.00159324,51561.5977504958
"1481",2024-02-23,81.09,0.0015875,51080.3149606299
"1482",2024-02-24,81.19,0.00158746,51144.5957693422
"1483",2024-02-25,81.6,0.00158034,51634.4584076844
"1484",2024-02-26,82.64,0.00157922,52329.6310836995
"1485",2024-02-27,91.08,0.00161175,56510.0046533271
"1486",2024-02-28,96.53,0.00162841,59278.6828869879
"1487",2024-02-29,103.34,0.00166425,62094.0363527114
"1488",2024-03-01,105.08,0.00169786,61889.6728823342
"1489",2024-03-02,104.16,0.00167912,62032.4932107294
"1490",2024-03-03,103.35,0.00166096,62223.0517291205
"1491",2024-03-04,110.65,0.00169194,65398.3001761292
"1492",2024-03-05,116.21,0.00175453,66234.2621670761
"1493",2024-03-06,113.22,0.00171898,65864.6406589955
"1494",2024-03-07,111.92,0.00167458,66834.6689916278
"1495",2024-03-08,112.64,0.00166179,67782.331100801
"1496",2024-03-09,113.27,0.00165575,68410.0860637173
"1497",2024-03-10,114.56,0.00165066,69402.5420134976
"1498",2024-03-11,116.45,0.00164035,70990.9470539824
"1499",2024-03-12,118.64,0.00165557,71661.1197351969
"1500",2024-03-13,119.74,0.00164607,72742.9574683944
"1501",2024-03-14,113.61,0.00157377,72189.7100592844
"1502",2024-03-15,107.09,0.00156227,68547.6902200004
"1503",2024-03-16,107.1,0.00157016,68209.6092118001
"1504",2024-03-17,103.6,0.00154606,67009.0423398833
"1505",2024-03-18,104.69,0.00154584,67723.6971484759
"1506",2024-03-19,101.52,0.0015781,64330.5240479057
"1507",2024-03-20,99.03,0.00155119,63841.308930563
"1508",2024-03-21,103.91,0.00155944,66632.8938593341
"1509",2024-03-22,101.85,0.00157569,64638.3489138092
"1510",2024-03-23,100.01,0.00154904,64562.5677839178
"1511",2024-03-24,99.75,0.00152962,65212.2749441038
"1512",2024-03-25,104.65,0.00153119,68345.5351719904
"1513",2024-03-26,109.4,0.00155523,70343.2932749497
"1514",2024-03-27,108.1,0.00154966,69757.2370713576
"1515",2024-03-28,109.64,0.00155728,70404.8083838488
"1516",2024-03-29,109.51,0.00156352,70040.6774457634
"1517",2024-03-30,109.4,0.00156275,70004.7992321229
"1518",2024-03-31,109.57,0.00155545,70442.6371789514
"1519",2024-04-01,108.69,0.00155899,69718.2149981719
"1520",2024-04-02,103.03,0.00155248,66364.7840873957
"1521",2024-04-03,102.44,0.00155091,66051.543932272
"1522",2024-04-04,104.32,0.00156023,66861.9370221057
"1523",2024-04-05,104.52,0.00154817,67511.9657401965
"1524",2024-04-06,105.15,0.00154477,68068.3855849091
"1525",2024-04-07,107.07,0.00154241,69417.340395874
"1526",2024-04-08,109.97,0.00154699,71086.4323622001
"1527",2024-04-09,110.88,0.00158092,70136.3762872252
"1528",2024-04-10,110.14,0.00159209,69179.5061836956
"1529",2024-04-11,112.68,0.00159967,70439.5281526815
"1530",2024-04-12,117.91,0.00169723,69472.0220594734
"1531",2024-04-13,110.45,0.00165897,66577.4546857387
"1532",2024-04-14,101.53,0.00158114,64213.1626547934
"1533",2024-04-15,105.71,0.00162664,64986.7210937884
"1534",2024-04-16,104.51,0.00165888,63000.3375771605
"1535",2024-04-17,100.53,0.0016059,62600.4109844947
"1536",2024-04-18,103.11,0.00165191,62418.6547693276
"1537",2024-04-19,103.64,0.00162528,63767.4739121874
"1538",2024-04-20,139.14,0.00216433,64287.7934510911
"1539",2024-04-21,123.75,0.00190402,64994.0651883909
"1540",2024-04-22,78.04,0.00118206,66020.3373771213
"1541",2024-04-23,81.74,0.00122952,66481.2284468736
"1542",2024-04-24,85.69,0.00130245,65791.3931436907
"1543",2024-04-25,60.18,0.00093751,64191.3152926369
"1544",2024-04-26,56.68,0.00088384,64129.2541636495
"1545",2024-04-27,53.23,0.00084415,63057.5134750933
"1546",2024-04-28,51.56,0.00080997,63656.6786424189
"1547",2024-04-29,49.95,0.00079616,62738.6454983923
"1548",2024-04-30,48.7,0.00078828,61780.0781448216
"1549",2024-05-01,45.58,0.00078228,58265.5826558266
"1550",2024-05-02,45.26,0.00077564,58351.8126966118
"1551",2024-05-03,46.68,0.00076972,60645.4295068337
"1552",2024-05-04,49.5,0.00078019,63446.0836462913
"1553",2024-05-05,54.97,0.00086197,63772.5210854206
"1554",2024-05-06,53.54,0.00083745,63932.1750552272
"1555",2024-05-07,50.02,0.00078801,63476.3518229464
"1556",2024-05-08,48.57,0.00078016,62256.4602132896
"1557",2024-05-09,48.55,0.00078613,61758.2333710709
"1558",2024-05-10,50.14,0.00080761,62084.4219363307
"1559",2024-05-11,49.65,0.00081515,60909.0351469055
"1560",2024-05-12,48.96,0.00080086,61134.2806483031
"1561",2024-05-13,49.64,0.00079647,62325.0091026655
"1562",2024-05-14,49.4,0.00079819,61890.0261842418
"1563",2024-05-15,50.51,0.00079446,63577.776099489
"1564",2024-05-16,52.34,0.00079545,65799.2331384751
"1565",2024-05-17,52.45,0.00079151,66265.7452211596
"1566",2024-05-18,52.95,0.0007907,66965.979511825
"1567",2024-05-19,52.56,0.00078605,66865.9754468545
"1568",2024-05-20,52.86,0.00078151,67638.2899770956
"1569",2024-05-21,55.96,0.00079267,70596.8435792953
"1570",2024-05-22,55.71,0.00079781,69828.6559456512
"1571",2024-05-23,54.19,0.00078832,68741.1203572153
"1572",2024-05-24,52.9,0.0007789,67916.2922069585
"1573",2024-05-25,53.71,0.0007788,68965.0744735491
"1574",2024-05-26,53.42,0.0007748,68946.8249870935
"1575",2024-05-27,53.8,0.00077842,69114.3598571465
"1576",2024-05-28,53.41,0.00078305,68207.6495753783
"1577",2024-05-29,53.45,0.0007871,67907.5085757845
"1578",2024-05-30,55.59,0.00081561,68157.5753117299
"1579",2024-05-31,56.85,0.00083631,67977.1854934175
"1580",2024-06-01,57.07,0.00084355,67654.5551538142
"1581",2024-06-02,55.06,0.00081212,67797.8623848692
"1582",2024-06-03,55.68,0.00080753,68950.9987245056
"1583",2024-06-04,56.23,0.00080789,69601.0595501863
"1584",2024-06-05,58.36,0.00082135,71053.7529676752
"1585",2024-06-06,61.99,0.00087304,71004.764959223
"1586",2024-06-07,68.99,0.00097856,70501.5533028123
"1587",2024-06-08,83.96,0.00121018,69378.1090416302
"1588",2024-06-09,61.92,0.00089153,69453.6358843785
"1589",2024-06-10,59.62,0.00085705,69564.2027886354
"1590",2024-06-11,57.8,0.00085653,67481.5826649388
"1591",2024-06-12,56.59,0.00083008,68174.1518889746
"1592",2024-06-13,56.3,0.00083602,67342.886533815
"1593",2024-06-14,56.54,0.00085058,66472.2894965788
"1594",2024-06-15,55.72,0.000842,66175.7719714964
"1595",2024-06-16,54.23,0.00081674,66398.1193525479
"1596",2024-06-17,52.84,0.00079854,66170.761639993
"1597",2024-06-18,52.48,0.00080512,65182.8298887122
"1598",2024-06-19,52.54,0.00080664,65134.3846077556
"1599",2024-06-20,52.91,0.00081086,65251.7080630442
"1600",2024-06-21,51.34,0.00080015,64162.9694432294
"1601",2024-06-22,51.05,0.00079438,64263.9542788086
"1602",2024-06-23,50.32,0.00078411,64174.669370369
"1603",2024-06-24,48.05,0.00078233,61419.0942441169
"1604",2024-06-25,48.19,0.00078607,61304.972839569
"1605",2024-06-26,48.88,0.00079596,61410.1211116137
"1606",2024-06-27,48.23,0.00078722,61266.227992175
"1607",2024-06-28,48.01,0.00078547,61122.6399480566
"1608",2024-06-29,47.44,0.0007798,60836.1118235445
"1609",2024-06-30,47.67,0.00077597,61432.7873500264
"1610",2024-07-01,49.16,0.00077948,63067.6861497408
"1611",2024-07-02,48.79,0.00078117,62457.5956577954
"1612",2024-07-03,47.19,0.00077933,60552.0126262302
"1613",2024-07-04,45.35,0.0007783,58268.020043685
"1614",2024-07-05,45.46,0.00081572,55729.9073211396
"1615",2024-07-06,46.69,0.00081852,57041.9782045643
"1616",2024-07-07,46.6,0.00081281,57331.971801528
"1617",2024-07-08,45.77,0.00081414,56218.8321418921
"1618",2024-07-09,46.7,0.00081331,57419.680072789
"1619",2024-07-10,47.38,0.00081558,58093.6266215454
"1620",2024-07-11,47.36,0.00081831,57875.3773020005
"1621",2024-07-12,46.64,0.00081154,57470.9810976662
"1622",2024-07-13,47.81,0.00081847,58413.8697814214
"1623",2024-07-14,49.01,0.00081642,60030.3765218882
"1624",2024-07-15,50.99,0.00081016,62938.1850498667
"1625",2024-07-16,52.19,0.00081303,64191.97323592
"1626",2024-07-17,52.8,0.00081197,65027.0330184613
"1627",2024-07-18,51.83,0.00080578,64322.7680011914
"1628",2024-07-19,51.08,0.00078501,65069.234786818
"1629",2024-07-20,52.37,0.00078395,66802.729765929
"1630",2024-07-21,52.44,0.00078028,67206.6437689035
"1631",2024-07-22,53.02,0.00078448,67586.1717315929
"1632",2024-07-23,52.13,0.00078258,66612.9980321501
"1633",2024-07-24,51.71,0.00078242,66089.8238797577
"1634",2024-07-25,50.6,0.00078335,64594.3703325461
"1635",2024-07-26,52.6,0.00078186,67275.4713119996
"1636",2024-07-27,53.42,0.00078241,68276.2234634015
"1637",2024-07-28,53,0.00078139,67827.8452501312
"1638",2024-07-29,53.53,0.00078044,68589.5136077085
"1639",2024-07-30,51.83,0.00078094,66368.7351140933
"1640",2024-07-31,48.68,0.0007378,65979.9403632421
"1641",2024-08-01,45.47,0.00070904,64128.9631050434
"1642",2024-08-02,45.17,0.00070824,63777.8154297978
"1643",2024-08-03,43.42,0.00070877,61261.057889019
"1644",2024-08-04,42.31,0.00070565,59958.9031389499
"1645",2024-08-05,37.7,0.00070539,53445.6116474574
"1646",2024-08-06,39.48,0.00070669,55866.0798935884
"1647",2024-08-07,39.83,0.0007069,56344.6031970576
"1648",2024-08-08,41.19,0.00070762,58209.2083321557
"1649",2024-08-09,43.05,0.00070891,60727.0316401236
"1650",2024-08-10,42.94,0.00070686,60747.5313357666
"1651",2024-08-11,42.51,0.00070333,60441.0447442879
"1652",2024-08-12,41.54,0.00070399,59006.519978977
"1653",2024-08-13,42.2,0.00070655,59726.841695563
"1654",2024-08-14,42.46,0.00070578,60160.3899232055
"1655",2024-08-15,43.01,0.00073652,58396.2417856949
"1656",2024-08-16,43.12,0.00073762,58458.2847536672
"1657",2024-08-17,43.65,0.00073632,59281.2907431551
"1658",2024-08-18,43.81,0.00073424,59667.1388101983
"1659",2024-08-19,43.19,0.00073612,58672.4990490681
"1660",2024-08-20,44.49,0.00074011,60112.6859520882
"1661",2024-08-21,44.16,0.00073772,59860.1095266497
"1662",2024-08-22,48.27,0.0007955,60678.818353237
"1663",2024-08-23,49.25,0.00079799,61717.5653830248
"1664",2024-08-24,47.2,0.00073636,64099.0819707752
"1665",2024-08-25,47.16,0.00073514,64151.046059254
"1666",2024-08-26,46.93,0.0007367,63702.9998642595
"1667",2024-08-27,45.91,0.00073838,62176.6570058777
"1668",2024-08-28,43.09,0.00072654,59308.503317092
"1669",2024-08-29,42.66,0.00071459,59698.5684098574
"1670",2024-08-30,42.34,0.00071633,59106.8362346963
"1671",2024-08-31,42.19,0.00071407,59083.8433206828
"1672",2024-09-01,41.48,0.00071238,58227.3505713243
"1673",2024-09-02,41.48,0.0007126,58209.3741229301
"1674",2024-09-03,41.82,0.0007137,58596.0487599832
"1675",2024-09-04,40.9,0.00071537,57173.2110656024
"1676",2024-09-05,40.62,0.00071518,56796.8902933527
"1677",2024-09-06,39.67,0.00071768,55275.3316241222
"1678",2024-09-07,38.67,0.00071303,54233.3422156151
"1679",2024-09-08,38.67,0.00071126,54368.3041363215
"1680",2024-09-09,39.66,0.00071223,55684.2592982604
"1681",2024-09-10,40.76,0.00071367,57113.2316056441
"1682",2024-09-11,39.48,0.00069364,56917.1328066432
"1683",2024-09-12,40.1,0.00069107,58025.959743586
"1684",2024-09-13,40.52,0.00069017,58710.172855963
"1685",2024-09-14,41.43,0.00068992,60050.4406307978
"1686",2024-09-15,41.32,0.00068855,60010.1662914821
"1687",2024-09-16,40.13,0.00068794,58333.5756025235
"1688",2024-09-17,40.93,0.00068946,59365.3003800075
"1689",2024-09-18,41.52,0.0006903,60147.7618426771
"1690",2024-09-19,43.35,0.00069164,62677.1152622752
"1691",2024-09-20,43.85,0.00069359,63221.7880880636
"1692",2024-09-21,43.67,0.00069191,63115.1450333136
"1693",2024-09-22,43.29,0.00068742,62974.6006808065
"1694",2024-09-23,43.66,0.00068732,63522.0857824594
"1695",2024-09-24,43.84,0.00069007,63529.7868332198
"1696",2024-09-25,44.27,0.00069451,63742.7826813149
"1697",2024-09-26,46.45,0.00072254,64287.0982921361
"1698",2024-09-27,47.81,0.00072845,65632.5073786808
"1699",2024-09-28,47.99,0.00072975,65762.2473449812
"1700",2024-09-29,47.62,0.00072445,65732.6247498102
"1701",2024-09-30,46.26,0.00072253,64025.0231824284
"1702",2024-10-01,45.43,0.00072295,62839.7537865689
"1703",2024-10-02,44.2,0.00072144,61266.3561765358
"1704",2024-10-03,43.87,0.00072175,60782.8195358504
"1705",2024-10-04,44.41,0.0007215,61552.3215523215
"1706",2024-10-05,44.96,0.00072449,62057.4473077613
"1707",2024-10-06,45.31,0.00072766,62268.0922408817
"1708",2024-10-07,46.01,0.00072609,63366.8002589211
"1709",2024-10-08,45.84,0.00073462,62399.6079605783
"1710",2024-10-09,44.11,0.00071356,61816.8058747688
"1711",2024-10-10,43.16,0.00071334,60504.1074382482
"1712",2024-10-11,44.75,0.00072748,61513.7185902018
"1713",2024-10-12,47.72,0.00075844,62918.6224355256
"1714",2024-10-13,46.05,0.00073427,62715.3499393956
"1715",2024-10-14,46.8,0.00072251,64774.1899766093
"1716",2024-10-15,47.6,0.00072038,66076.2375412977
"1717",2024-10-16,48.95,0.00072518,67500.4826387931
"1718",2024-10-17,53.27,0.0007922,67243.1204241353
"1719",2024-10-18,49.94,0.00073313,68118.8875097186
"1720",2024-10-19,48.61,0.00071182,68289.7361692563
"1721",2024-10-20,47.94,0.00070037,68449.5338178391
"1722",2024-10-21,47.77,0.00070109,68136.7584760872
"1723",2024-10-22,47.8,0.00071021,67304.0368341758
"1724",2024-10-23,46.17,0.00069357,66568.6232103465
"1725",2024-10-24,46.78,0.00069305,67498.7374648294
"1726",2024-10-25,49.69,0.00073524,67583.3741363364
"1727",2024-10-26,45.67,0.00068247,66918.6923967354
"1728",2024-10-27,45.12,0.00066977,67366.4093644087
"1729",2024-10-28,45.74,0.00066664,68612.7445097804
"1730",2024-10-29,48.01,0.00067072,71579.7948473282
"1731",2024-10-30,48.31,0.00066891,72221.9730606509
"1732",2024-10-31,53.09,0.00074256,71495.9060547296
"1733",2024-11-01,46.75,0.00067078,69694.9819612988
"1734",2024-11-02,46.49,0.00066885,69507.3633849144
"1735",2024-11-03,45.67,0.00066692,68478.9779883644
"1736",2024-11-04,45.37,0.00066297,68434.4691313332
"1737",2024-11-05,43.27,0.0006273,68978.160369839
"1738",2024-11-06,46.62,0.00062851,74175.4307807354
"1739",2024-11-07,47.34,0.00062755,75436.2202214963
"1740",2024-11-08,47.89,0.00062827,76225.1898069301
"1741",2024-11-09,48.36,0.00063273,76430.7050400645
"1742",2024-11-10,50.35,0.00063594,79174.1359247728
"1743",2024-11-11,52.7,0.00063316,83233.3059574199
"1744",2024-11-12,56.84,0.00064543,88065.3207938893
"1745",2024-11-13,57.47,0.00064537,89049.6924245007
"1746",2024-11-14,58.78,0.00065524,89707.588059337
"1747",2024-11-15,58.64,0.00065751,89184.9553618956
"1748",2024-11-16,60.77,0.00066702,91106.7134418758
"1749",2024-11-17,57.12,0.00063218,90354.0130975355
"1750",2024-11-18,57.68,0.00063393,90987.9639707854
"1751",2024-11-19,58.89,0.00064011,91999.812532221
"1752",2024-11-20,60.28,0.00064538,93402.3366078899
"1753",2024-11-21,62.77,0.00064605,97159.662564817
"1754",2024-11-22,62.88,0.00063633,98816.6517373061
"1755",2024-11-23,63.2,0.00064217,98416.3072083716
"1756",2024-11-24,61.56,0.00063118,97531.6074653823
"1757",2024-11-25,60.75,0.00062742,96825.0932389787
"1758",2024-11-26,58.91,0.00063246,93144.2304651677
"1759",2024-11-27,59.85,0.00063499,94253.4528102805
"1760",2024-11-28,60.29,0.00063161,95454.4734883868
"1761",2024-11-29,61.48,0.00063469,96866.1866422978
"1762",2024-11-30,61.03,0.0006308,96750.1585288522
"1763",2024-12-01,60.77,0.00062697,96926.4877107358
"1764",2024-12-02,62.17,0.00064693,96100.0417355819
"1765",2024-12-03,59.92,0.00062712,95547.9015180508
"1766",2024-12-04,60.03,0.00062182,96539.1914058731
"1767",2024-12-05,62.88,0.00062157,101163.18355133
"1768",2024-12-06,61.74,0.00062371,98988.3118757115
"1769",2024-12-07,62.92,0.00063052,99790.6489881368
"1770",2024-12-08,62.44,0.00062529,99857.6660429561
"1771",2024-12-09,61.58,0.00062515,98504.3589538511
"1772",2024-12-10,60.35,0.00062281,96899.5359740531
"1773",2024-12-11,62.04,0.00062734,98893.7418305863
"1774",2024-12-12,63.81,0.00063302,100802.502290607
"1775",2024-12-13,62.65,0.00062337,100502.10950158
"1776",2024-12-14,63.05,0.00062109,101515.078330033
"1777",2024-12-15,63.5,0.00061934,102528.4980786
"1778",2024-12-16,62.66,0.00059484,105339.250890996
"1779",2024-12-17,63.47,0.00059464,106736.849186062
"1780",2024-12-18,61.97,0.00059618,103945.117246469
"1781",2024-12-19,60.11,0.00059999,100185.003083385
"1782",2024-12-20,58.29,0.00060507,96335.9611284645
"1783",2024-12-21,58.31,0.00059714,97648.7925779549
"1784",2024-12-22,56.81,0.00059044,96216.381003997
"1785",2024-12-23,55.93,0.00059085,94660.2352542947
"1786",2024-12-24,56.88,0.00059368,95809.1901361003
"1787",2024-12-25,58.12,0.0005907,98391.7386152023
"1788",2024-12-26,56.92,0.00058893,96649.8565194505
"1789",2024-12-27,56.18,0.00058853,95458.1754540975
"1790",2024-12-28,55.51,0.00058698,94568.809840199
"1791",2024-12-29,55.3,0.00058563,94428.222597886
"1792",2024-12-30,54.25,0.0005815,93293.2072226999
"1793",2024-12-31,54.29,0.00057997,93608.2900839699
"1794",2025-01-01,54.45,0.00058059,93783.9094713998
"1795",2025-01-02,55.63,0.00057835,96187.4297570675
"1796",2025-01-03,56.35,0.00057965,97213.8359354783
"1797",2025-01-04,56.86,0.00058016,98007.4462217319
"1798",2025-01-05,56.86,0.00057984,98061.5342163355
"1799",2025-01-06,58.08,0.00057974,100182.84058371
"1800",2025-01-07,58.2,0.00058259,99898.7280935134
"1801",2025-01-08,55.67,0.00058316,95462.6517593799
"1802",2025-01-09,54.48,0.0005831,93431.6583776368
"1803",2025-01-10,54.73,0.00058085,94223.9820952053
"1804",2025-01-11,54.81,0.00058083,94364.9604875781
"1805",2025-01-12,54.65,0.00057834,94494.5879586402
"1806",2025-01-13,53.58,0.00057619,92990.1594959996
"1807",2025-01-14,55.48,0.00057872,95866.7403925905
"1808",2025-01-15,56.61,0.00057727,98065.0302284893
"1809",2025-01-16,57.69,0.00057965,99525.575778487
"1810",2025-01-17,59.67,0.00058039,102810.179362153
"1811",2025-01-18,60.02,0.00057841,103767.223941495
"1812",2025-01-19,60.36,0.0005772,104573.804573805
"1813",2025-01-20,60.59,0.00057944,104566.477978738
"1814",2025-01-21,60.82,0.00058564,103852.195888259
"1815",2025-01-22,60.9,0.00058055,104900.525363879
"1816",2025-01-23,59.64,0.00057774,103229.826565583
"1817",2025-01-24,60.69,0.0005777,105054.526570885
"1818",2025-01-25,60.52,0.00057811,104685.959419488
"1819",2025-01-26,60.31,0.00057544,104806.756568886
"1820",2025-01-27,58.83,0.00058605,100383.926286153
"1821",2025-01-28,60.24,0.00058848,102365.415986949
"1822",2025-01-29,60.2,0.0005874,102485.529451822
"1823",2025-01-30,61.74,0.00058745,105098.306238829
"1824",2025-01-31,61.16,0.00058802,104010.067684773
"1825",2025-02-01,59.94,0.00058779,101975.195222784
"1826",2025-02-02,58.07,0.00058617,99066.8236177218
"1827",2025-02-03,56.96,0.00058775,96911.9523606976
"1828",2025-02-04,59.87,0.00058911,101627.879343416
