"","date","series_id","value","realtime_start","realtime_end"
"1",2010-10-02,"ICNSA",373681,2025-02-27,2025-02-27
"2",2010-10-09,"ICNSA",462667,2025-02-27,2025-02-27
"3",2010-10-16,"ICNSA",394016,2025-02-27,2025-02-27
"4",2010-10-23,"ICNSA",408489,2025-02-27,2025-02-27
"5",2010-10-30,"ICNSA",421097,2025-02-27,2025-02-27
"6",2010-11-06,"ICNSA",452657,2025-02-27,2025-02-27
"7",2010-11-13,"ICNSA",409548,2025-02-27,2025-02-27
"8",2010-11-20,"ICNSA",464817,2025-02-27,2025-02-27
"9",2010-11-27,"ICNSA",412922,2025-02-27,2025-02-27
"10",2010-12-04,"ICNSA",585711,2025-02-27,2025-02-27
"11",2010-12-11,"ICNSA",491776,2025-02-27,2025-02-27
"12",2010-12-18,"ICNSA",495548,2025-02-27,2025-02-27
"13",2010-12-25,"ICNSA",525710,2025-02-27,2025-02-27
"14",2011-01-01,"ICNSA",578904,2025-02-27,2025-02-27
"15",2011-01-08,"ICNSA",773499,2025-02-27,2025-02-27
"16",2011-01-15,"ICNSA",549688,2025-02-27,2025-02-27
"17",2011-01-22,"ICNSA",485950,2025-02-27,2025-02-27
"18",2011-01-29,"ICNSA",464775,2025-02-27,2025-02-27
"19",2011-02-05,"ICNSA",440706,2025-02-27,2025-02-27
"20",2011-02-12,"ICNSA",424400,2025-02-27,2025-02-27
"21",2011-02-19,"ICNSA",380985,2025-02-27,2025-02-27
"22",2011-02-26,"ICNSA",353797,2025-02-27,2025-02-27
"23",2011-03-05,"ICNSA",407299,2025-02-27,2025-02-27
"24",2011-03-12,"ICNSA",371721,2025-02-27,2025-02-27
"25",2011-03-19,"ICNSA",354457,2025-02-27,2025-02-27
"26",2011-03-26,"ICNSA",357457,2025-02-27,2025-02-27
"27",2011-04-02,"ICNSA",353817,2025-02-27,2025-02-27
"28",2011-04-09,"ICNSA",448029,2025-02-27,2025-02-27
"29",2011-04-16,"ICNSA",381834,2025-02-27,2025-02-27
"30",2011-04-23,"ICNSA",387867,2025-02-27,2025-02-27
"31",2011-04-30,"ICNSA",415974,2025-02-27,2025-02-27
"32",2011-05-07,"ICNSA",397737,2025-02-27,2025-02-27
"33",2011-05-14,"ICNSA",361573,2025-02-27,2025-02-27
"34",2011-05-21,"ICNSA",376632,2025-02-27,2025-02-27
"35",2011-05-28,"ICNSA",381497,2025-02-27,2025-02-27
"36",2011-06-04,"ICNSA",366816,2025-02-27,2025-02-27
"37",2011-06-11,"ICNSA",400608,2025-02-27,2025-02-27
"38",2011-06-18,"ICNSA",394286,2025-02-27,2025-02-27
"39",2011-06-25,"ICNSA",406633,2025-02-27,2025-02-27
"40",2011-07-02,"ICNSA",425640,2025-02-27,2025-02-27
"41",2011-07-09,"ICNSA",473963,2025-02-27,2025-02-27
"42",2011-07-16,"ICNSA",470086,2025-02-27,2025-02-27
"43",2011-07-23,"ICNSA",369207,2025-02-27,2025-02-27
"44",2011-07-30,"ICNSA",341103,2025-02-27,2025-02-27
"45",2011-08-06,"ICNSA",354408,2025-02-27,2025-02-27
"46",2011-08-13,"ICNSA",346014,2025-02-27,2025-02-27
"47",2011-08-20,"ICNSA",344870,2025-02-27,2025-02-27
"48",2011-08-27,"ICNSA",336761,2025-02-27,2025-02-27
"49",2011-09-03,"ICNSA",348582,2025-02-27,2025-02-27
"50",2011-09-10,"ICNSA",328868,2025-02-27,2025-02-27
"51",2011-09-17,"ICNSA",353820,2025-02-27,2025-02-27
"52",2011-09-24,"ICNSA",328073,2025-02-27,2025-02-27
"53",2011-10-01,"ICNSA",332394,2025-02-27,2025-02-27
"54",2011-10-08,"ICNSA",405906,2025-02-27,2025-02-27
"55",2011-10-15,"ICNSA",357562,2025-02-27,2025-02-27
"56",2011-10-22,"ICNSA",377156,2025-02-27,2025-02-27
"57",2011-10-29,"ICNSA",369647,2025-02-27,2025-02-27
"58",2011-11-05,"ICNSA",402532,2025-02-27,2025-02-27
"59",2011-11-12,"ICNSA",363016,2025-02-27,2025-02-27
"60",2011-11-19,"ICNSA",440157,2025-02-27,2025-02-27
"61",2011-11-26,"ICNSA",372640,2025-02-27,2025-02-27
"62",2011-12-03,"ICNSA",528793,2025-02-27,2025-02-27
"63",2011-12-10,"ICNSA",435863,2025-02-27,2025-02-27
"64",2011-12-17,"ICNSA",421103,2025-02-27,2025-02-27
"65",2011-12-24,"ICNSA",497689,2025-02-27,2025-02-27
"66",2011-12-31,"ICNSA",540057,2025-02-27,2025-02-27
"67",2012-01-07,"ICNSA",646219,2025-02-27,2025-02-27
"68",2012-01-14,"ICNSA",525422,2025-02-27,2025-02-27
"69",2012-01-21,"ICNSA",416880,2025-02-27,2025-02-27
"70",2012-01-28,"ICNSA",422287,2025-02-27,2025-02-27
"71",2012-02-04,"ICNSA",401365,2025-02-27,2025-02-27
"72",2012-02-11,"ICNSA",365014,2025-02-27,2025-02-27
"73",2012-02-18,"ICNSA",346659,2025-02-27,2025-02-27
"74",2012-02-25,"ICNSA",334242,2025-02-27,2025-02-27
"75",2012-03-03,"ICNSA",368433,2025-02-27,2025-02-27
"76",2012-03-10,"ICNSA",340102,2025-02-27,2025-02-27
"77",2012-03-17,"ICNSA",319498,2025-02-27,2025-02-27
"78",2012-03-24,"ICNSA",323373,2025-02-27,2025-02-27
"79",2012-03-31,"ICNSA",315800,2025-02-27,2025-02-27
"80",2012-04-07,"ICNSA",390064,2025-02-27,2025-02-27
"81",2012-04-14,"ICNSA",370482,2025-02-27,2025-02-27
"82",2012-04-21,"ICNSA",370632,2025-02-27,2025-02-27
"83",2012-04-28,"ICNSA",333476,2025-02-27,2025-02-27
"84",2012-05-05,"ICNSA",341080,2025-02-27,2025-02-27
"85",2012-05-12,"ICNSA",325094,2025-02-27,2025-02-27
"86",2012-05-19,"ICNSA",330427,2025-02-27,2025-02-27
"87",2012-05-26,"ICNSA",346260,2025-02-27,2025-02-27
"88",2012-06-02,"ICNSA",324385,2025-02-27,2025-02-27
"89",2012-06-09,"ICNSA",376610,2025-02-27,2025-02-27
"90",2012-06-16,"ICNSA",364548,2025-02-27,2025-02-27
"91",2012-06-23,"ICNSA",370521,2025-02-27,2025-02-27
"92",2012-06-30,"ICNSA",369826,2025-02-27,2025-02-27
"93",2012-07-07,"ICNSA",442192,2025-02-27,2025-02-27
"94",2012-07-14,"ICNSA",455260,2025-02-27,2025-02-27
"95",2012-07-21,"ICNSA",340780,2025-02-27,2025-02-27
"96",2012-07-28,"ICNSA",312931,2025-02-27,2025-02-27
"97",2012-08-04,"ICNSA",320219,2025-02-27,2025-02-27
"98",2012-08-11,"ICNSA",317680,2025-02-27,2025-02-27
"99",2012-08-18,"ICNSA",311857,2025-02-27,2025-02-27
"100",2012-08-25,"ICNSA",312542,2025-02-27,2025-02-27
"101",2012-09-01,"ICNSA",309537,2025-02-27,2025-02-27
"102",2012-09-08,"ICNSA",299729,2025-02-27,2025-02-27
"103",2012-09-15,"ICNSA",330454,2025-02-27,2025-02-27
"104",2012-09-22,"ICNSA",303685,2025-02-27,2025-02-27
"105",2012-09-29,"ICNSA",301046,2025-02-27,2025-02-27
"106",2012-10-06,"ICNSA",329925,2025-02-27,2025-02-27
"107",2012-10-13,"ICNSA",362730,2025-02-27,2025-02-27
"108",2012-10-20,"ICNSA",345227,2025-02-27,2025-02-27
"109",2012-10-27,"ICNSA",339924,2025-02-27,2025-02-27
"110",2012-11-03,"ICNSA",361823,2025-02-27,2025-02-27
"111",2012-11-10,"ICNSA",478551,2025-02-27,2025-02-27
"112",2012-11-17,"ICNSA",403636,2025-02-27,2025-02-27
"113",2012-11-24,"ICNSA",358865,2025-02-27,2025-02-27
"114",2012-12-01,"ICNSA",500163,2025-02-27,2025-02-27
"115",2012-12-08,"ICNSA",429191,2025-02-27,2025-02-27
"116",2012-12-15,"ICNSA",401431,2025-02-27,2025-02-27
"117",2012-12-22,"ICNSA",457584,2025-02-27,2025-02-27
"118",2012-12-29,"ICNSA",490126,2025-02-27,2025-02-27
"119",2013-01-05,"ICNSA",557424,2025-02-27,2025-02-27
"120",2013-01-12,"ICNSA",558047,2025-02-27,2025-02-27
"121",2013-01-19,"ICNSA",437360,2025-02-27,2025-02-27
"122",2013-01-26,"ICNSA",369567,2025-02-27,2025-02-27
"123",2013-02-02,"ICNSA",388708,2025-02-27,2025-02-27
"124",2013-02-09,"ICNSA",361759,2025-02-27,2025-02-27
"125",2013-02-16,"ICNSA",351087,2025-02-27,2025-02-27
"126",2013-02-23,"ICNSA",310512,2025-02-27,2025-02-27
"127",2013-03-02,"ICNSA",335794,2025-02-27,2025-02-27
"128",2013-03-09,"ICNSA",317661,2025-02-27,2025-02-27
"129",2013-03-16,"ICNSA",301471,2025-02-27,2025-02-27
"130",2013-03-23,"ICNSA",316133,2025-02-27,2025-02-27
"131",2013-03-30,"ICNSA",317494,2025-02-27,2025-02-27
"132",2013-04-06,"ICNSA",356935,2025-02-27,2025-02-27
"133",2013-04-13,"ICNSA",359415,2025-02-27,2025-02-27
"134",2013-04-20,"ICNSA",326264,2025-02-27,2025-02-27
"135",2013-04-27,"ICNSA",301622,2025-02-27,2025-02-27
"136",2013-05-04,"ICNSA",301602,2025-02-27,2025-02-27
"137",2013-05-11,"ICNSA",320253,2025-02-27,2025-02-27
"138",2013-05-18,"ICNSA",303357,2025-02-27,2025-02-27
"139",2013-05-25,"ICNSA",319508,2025-02-27,2025-02-27
"140",2013-06-01,"ICNSA",294608,2025-02-27,2025-02-27
"141",2013-06-08,"ICNSA",332964,2025-02-27,2025-02-27
"142",2013-06-15,"ICNSA",336970,2025-02-27,2025-02-27
"143",2013-06-22,"ICNSA",336901,2025-02-27,2025-02-27
"144",2013-06-29,"ICNSA",335424,2025-02-27,2025-02-27
"145",2013-07-06,"ICNSA",383811,2025-02-27,2025-02-27
"146",2013-07-13,"ICNSA",410974,2025-02-27,2025-02-27
"147",2013-07-20,"ICNSA",340457,2025-02-27,2025-02-27
"148",2013-07-27,"ICNSA",281692,2025-02-27,2025-02-27
"149",2013-08-03,"ICNSA",288861,2025-02-27,2025-02-27
"150",2013-08-10,"ICNSA",282756,2025-02-27,2025-02-27
"151",2013-08-17,"ICNSA",281164,2025-02-27,2025-02-27
"152",2013-08-24,"ICNSA",279803,2025-02-27,2025-02-27
"153",2013-08-31,"ICNSA",269359,2025-02-27,2025-02-27
"154",2013-09-07,"ICNSA",229648,2025-02-27,2025-02-27
"155",2013-09-14,"ICNSA",272946,2025-02-27,2025-02-27
"156",2013-09-21,"ICNSA",255087,2025-02-27,2025-02-27
"157",2013-09-28,"ICNSA",252196,2025-02-27,2025-02-27
"158",2013-10-05,"ICNSA",335937,2025-02-27,2025-02-27
"159",2013-10-12,"ICNSA",360957,2025-02-27,2025-02-27
"160",2013-10-19,"ICNSA",312037,2025-02-27,2025-02-27
"161",2013-10-26,"ICNSA",325326,2025-02-27,2025-02-27
"162",2013-11-02,"ICNSA",331867,2025-02-27,2025-02-27
"163",2013-11-09,"ICNSA",364167,2025-02-27,2025-02-27
"164",2013-11-16,"ICNSA",327053,2025-02-27,2025-02-27
"165",2013-11-23,"ICNSA",369197,2025-02-27,2025-02-27
"166",2013-11-30,"ICNSA",321896,2025-02-27,2025-02-27
"167",2013-12-07,"ICNSA",463413,2025-02-27,2025-02-27
"168",2013-12-14,"ICNSA",414613,2025-02-27,2025-02-27
"169",2013-12-21,"ICNSA",418272,2025-02-27,2025-02-27
"170",2013-12-28,"ICNSA",452664,2025-02-27,2025-02-27
"171",2014-01-04,"ICNSA",488537,2025-02-27,2025-02-27
"172",2014-01-11,"ICNSA",534966,2025-02-27,2025-02-27
"173",2014-01-18,"ICNSA",416116,2025-02-27,2025-02-27
"174",2014-01-25,"ICNSA",357806,2025-02-27,2025-02-27
"175",2014-02-01,"ICNSA",357742,2025-02-27,2025-02-27
"176",2014-02-08,"ICNSA",360338,2025-02-27,2025-02-27
"177",2014-02-15,"ICNSA",322761,2025-02-27,2025-02-27
"178",2014-02-22,"ICNSA",312665,2025-02-27,2025-02-27
"179",2014-03-01,"ICNSA",317832,2025-02-27,2025-02-27
"180",2014-03-08,"ICNSA",302311,2025-02-27,2025-02-27
"181",2014-03-15,"ICNSA",285970,2025-02-27,2025-02-27
"182",2014-03-22,"ICNSA",274072,2025-02-27,2025-02-27
"183",2014-03-29,"ICNSA",294862,2025-02-27,2025-02-27
"184",2014-04-05,"ICNSA",299162,2025-02-27,2025-02-27
"185",2014-04-12,"ICNSA",318793,2025-02-27,2025-02-27
"186",2014-04-19,"ICNSA",299182,2025-02-27,2025-02-27
"187",2014-04-26,"ICNSA",318127,2025-02-27,2025-02-27
"188",2014-05-03,"ICNSA",288748,2025-02-27,2025-02-27
"189",2014-05-10,"ICNSA",270738,2025-02-27,2025-02-27
"190",2014-05-17,"ICNSA",287398,2025-02-27,2025-02-27
"191",2014-05-24,"ICNSA",275412,2025-02-27,2025-02-27
"192",2014-05-31,"ICNSA",264133,2025-02-27,2025-02-27
"193",2014-06-07,"ICNSA",313371,2025-02-27,2025-02-27
"194",2014-06-14,"ICNSA",301195,2025-02-27,2025-02-27
"195",2014-06-21,"ICNSA",305029,2025-02-27,2025-02-27
"196",2014-06-28,"ICNSA",305791,2025-02-27,2025-02-27
"197",2014-07-05,"ICNSA",322753,2025-02-27,2025-02-27
"198",2014-07-12,"ICNSA",370559,2025-02-27,2025-02-27
"199",2014-07-19,"ICNSA",287049,2025-02-27,2025-02-27
"200",2014-07-26,"ICNSA",257625,2025-02-27,2025-02-27
"201",2014-08-02,"ICNSA",247877,2025-02-27,2025-02-27
"202",2014-08-09,"ICNSA",269468,2025-02-27,2025-02-27
"203",2014-08-16,"ICNSA",249463,2025-02-27,2025-02-27
"204",2014-08-23,"ICNSA",249006,2025-02-27,2025-02-27
"205",2014-08-30,"ICNSA",249780,2025-02-27,2025-02-27
"206",2014-09-06,"ICNSA",234755,2025-02-27,2025-02-27
"207",2014-09-13,"ICNSA",242318,2025-02-27,2025-02-27
"208",2014-09-20,"ICNSA",239780,2025-02-27,2025-02-27
"209",2014-09-27,"ICNSA",227571,2025-02-27,2025-02-27
"210",2014-10-04,"ICNSA",257545,2025-02-27,2025-02-27
"211",2014-10-11,"ICNSA",273756,2025-02-27,2025-02-27
"212",2014-10-18,"ICNSA",256166,2025-02-27,2025-02-27
"213",2014-10-25,"ICNSA",271331,2025-02-27,2025-02-27
"214",2014-11-01,"ICNSA",266921,2025-02-27,2025-02-27
"215",2014-11-08,"ICNSA",309338,2025-02-27,2025-02-27
"216",2014-11-15,"ICNSA",286115,2025-02-27,2025-02-27
"217",2014-11-22,"ICNSA",357202,2025-02-27,2025-02-27
"218",2014-11-29,"ICNSA",294389,2025-02-27,2025-02-27
"219",2014-12-06,"ICNSA",389284,2025-02-27,2025-02-27
"220",2014-12-13,"ICNSA",327827,2025-02-27,2025-02-27
"221",2014-12-20,"ICNSA",340827,2025-02-27,2025-02-27
"222",2014-12-27,"ICNSA",389757,2025-02-27,2025-02-27
"223",2015-01-03,"ICNSA",439342,2025-02-27,2025-02-27
"224",2015-01-10,"ICNSA",529685,2025-02-27,2025-02-27
"225",2015-01-17,"ICNSA",383538,2025-02-27,2025-02-27
"226",2015-01-24,"ICNSA",281885,2025-02-27,2025-02-27
"227",2015-01-31,"ICNSA",306643,2025-02-27,2025-02-27
"228",2015-02-07,"ICNSA",324158,2025-02-27,2025-02-27
"229",2015-02-14,"ICNSA",277904,2025-02-27,2025-02-27
"230",2015-02-21,"ICNSA",280639,2025-02-27,2025-02-27
"231",2015-02-28,"ICNSA",315566,2025-02-27,2025-02-27
"232",2015-03-07,"ICNSA",277925,2025-02-27,2025-02-27
"233",2015-03-14,"ICNSA",260242,2025-02-27,2025-02-27
"234",2015-03-21,"ICNSA",248032,2025-02-27,2025-02-27
"235",2015-03-28,"ICNSA",239748,2025-02-27,2025-02-27
"236",2015-04-04,"ICNSA",253533,2025-02-27,2025-02-27
"237",2015-04-11,"ICNSA",308173,2025-02-27,2025-02-27
"238",2015-04-18,"ICNSA",279797,2025-02-27,2025-02-27
"239",2015-04-25,"ICNSA",250780,2025-02-27,2025-02-27
"240",2015-05-02,"ICNSA",236421,2025-02-27,2025-02-27
"241",2015-05-09,"ICNSA",242882,2025-02-27,2025-02-27
"242",2015-05-16,"ICNSA",243612,2025-02-27,2025-02-27
"243",2015-05-23,"ICNSA",253454,2025-02-27,2025-02-27
"244",2015-05-30,"ICNSA",230676,2025-02-27,2025-02-27
"245",2015-06-06,"ICNSA",275619,2025-02-27,2025-02-27
"246",2015-06-13,"ICNSA",258764,2025-02-27,2025-02-27
"247",2015-06-20,"ICNSA",263199,2025-02-27,2025-02-27
"248",2015-06-27,"ICNSA",274646,2025-02-27,2025-02-27
"249",2015-07-04,"ICNSA",303585,2025-02-27,2025-02-27
"250",2015-07-11,"ICNSA",344471,2025-02-27,2025-02-27
"251",2015-07-18,"ICNSA",262949,2025-02-27,2025-02-27
"252",2015-07-25,"ICNSA",230314,2025-02-27,2025-02-27
"253",2015-08-01,"ICNSA",224104,2025-02-27,2025-02-27
"254",2015-08-08,"ICNSA",239326,2025-02-27,2025-02-27
"255",2015-08-15,"ICNSA",229251,2025-02-27,2025-02-27
"256",2015-08-22,"ICNSA",226649,2025-02-27,2025-02-27
"257",2015-08-29,"ICNSA",230079,2025-02-27,2025-02-27
"258",2015-09-05,"ICNSA",232507,2025-02-27,2025-02-27
"259",2015-09-12,"ICNSA",198903,2025-02-27,2025-02-27
"260",2015-09-19,"ICNSA",219342,2025-02-27,2025-02-27
"261",2015-09-26,"ICNSA",215116,2025-02-27,2025-02-27
"262",2015-10-03,"ICNSA",227176,2025-02-27,2025-02-27
"263",2015-10-10,"ICNSA",256522,2025-02-27,2025-02-27
"264",2015-10-17,"ICNSA",232860,2025-02-27,2025-02-27
"265",2015-10-24,"ICNSA",245365,2025-02-27,2025-02-27
"266",2015-10-31,"ICNSA",258440,2025-02-27,2025-02-27
"267",2015-11-07,"ICNSA",291098,2025-02-27,2025-02-27
"268",2015-11-14,"ICNSA",264816,2025-02-27,2025-02-27
"269",2015-11-21,"ICNSA",305424,2025-02-27,2025-02-27
"270",2015-11-28,"ICNSA",262628,2025-02-27,2025-02-27
"271",2015-12-05,"ICNSA",384491,2025-02-27,2025-02-27
"272",2015-12-12,"ICNSA",313276,2025-02-27,2025-02-27
"273",2015-12-19,"ICNSA",319641,2025-02-27,2025-02-27
"274",2015-12-26,"ICNSA",346542,2025-02-27,2025-02-27
"275",2016-01-02,"ICNSA",405368,2025-02-27,2025-02-27
"276",2016-01-09,"ICNSA",502904,2025-02-27,2025-02-27
"277",2016-01-16,"ICNSA",378747,2025-02-27,2025-02-27
"278",2016-01-23,"ICNSA",295936,2025-02-27,2025-02-27
"279",2016-01-30,"ICNSA",311940,2025-02-27,2025-02-27
"280",2016-02-06,"ICNSA",290796,2025-02-27,2025-02-27
"281",2016-02-13,"ICNSA",258380,2025-02-27,2025-02-27
"282",2016-02-20,"ICNSA",248870,2025-02-27,2025-02-27
"283",2016-02-27,"ICNSA",265802,2025-02-27,2025-02-27
"284",2016-03-05,"ICNSA",247628,2025-02-27,2025-02-27
"285",2016-03-12,"ICNSA",236888,2025-02-27,2025-02-27
"286",2016-03-19,"ICNSA",230882,2025-02-27,2025-02-27
"287",2016-03-26,"ICNSA",235716,2025-02-27,2025-02-27
"288",2016-04-02,"ICNSA",245035,2025-02-27,2025-02-27
"289",2016-04-09,"ICNSA",270419,2025-02-27,2025-02-27
"290",2016-04-16,"ICNSA",242400,2025-02-27,2025-02-27
"291",2016-04-23,"ICNSA",245040,2025-02-27,2025-02-27
"292",2016-04-30,"ICNSA",243392,2025-02-27,2025-02-27
"293",2016-05-07,"ICNSA",261899,2025-02-27,2025-02-27
"294",2016-05-14,"ICNSA",244869,2025-02-27,2025-02-27
"295",2016-05-21,"ICNSA",240798,2025-02-27,2025-02-27
"296",2016-05-28,"ICNSA",246740,2025-02-27,2025-02-27
"297",2016-06-04,"ICNSA",232300,2025-02-27,2025-02-27
"298",2016-06-11,"ICNSA",266277,2025-02-27,2025-02-27
"299",2016-06-18,"ICNSA",247968,2025-02-27,2025-02-27
"300",2016-06-25,"ICNSA",263662,2025-02-27,2025-02-27
"301",2016-07-02,"ICNSA",267437,2025-02-27,2025-02-27
"302",2016-07-09,"ICNSA",298673,2025-02-27,2025-02-27
"303",2016-07-16,"ICNSA",268526,2025-02-27,2025-02-27
"304",2016-07-23,"ICNSA",231925,2025-02-27,2025-02-27
"305",2016-07-30,"ICNSA",219202,2025-02-27,2025-02-27
"306",2016-08-06,"ICNSA",231542,2025-02-27,2025-02-27
"307",2016-08-13,"ICNSA",219570,2025-02-27,2025-02-27
"308",2016-08-20,"ICNSA",217011,2025-02-27,2025-02-27
"309",2016-08-27,"ICNSA",215688,2025-02-27,2025-02-27
"310",2016-09-03,"ICNSA",217715,2025-02-27,2025-02-27
"311",2016-09-10,"ICNSA",193291,2025-02-27,2025-02-27
"312",2016-09-17,"ICNSA",205649,2025-02-27,2025-02-27
"313",2016-09-24,"ICNSA",198455,2025-02-27,2025-02-27
"314",2016-10-01,"ICNSA",200456,2025-02-27,2025-02-27
"315",2016-10-08,"ICNSA",238581,2025-02-27,2025-02-27
"316",2016-10-15,"ICNSA",233633,2025-02-27,2025-02-27
"317",2016-10-22,"ICNSA",237314,2025-02-27,2025-02-27
"318",2016-10-29,"ICNSA",245751,2025-02-27,2025-02-27
"319",2016-11-05,"ICNSA",258608,2025-02-27,2025-02-27
"320",2016-11-12,"ICNSA",223770,2025-02-27,2025-02-27
"321",2016-11-19,"ICNSA",287794,2025-02-27,2025-02-27
"322",2016-11-26,"ICNSA",249774,2025-02-27,2025-02-27
"323",2016-12-03,"ICNSA",351580,2025-02-27,2025-02-27
"324",2016-12-10,"ICNSA",305268,2025-02-27,2025-02-27
"325",2016-12-17,"ICNSA",315068,2025-02-27,2025-02-27
"326",2016-12-24,"ICNSA",343213,2025-02-27,2025-02-27
"327",2016-12-31,"ICNSA",350561,2025-02-27,2025-02-27
"328",2017-01-07,"ICNSA",414742,2025-02-27,2025-02-27
"329",2017-01-14,"ICNSA",352799,2025-02-27,2025-02-27
"330",2017-01-21,"ICNSA",284030,2025-02-27,2025-02-27
"331",2017-01-28,"ICNSA",280983,2025-02-27,2025-02-27
"332",2017-02-04,"ICNSA",259713,2025-02-27,2025-02-27
"333",2017-02-11,"ICNSA",245886,2025-02-27,2025-02-27
"334",2017-02-18,"ICNSA",239322,2025-02-27,2025-02-27
"335",2017-02-25,"ICNSA",212829,2025-02-27,2025-02-27
"336",2017-03-04,"ICNSA",243959,2025-02-27,2025-02-27
"337",2017-03-11,"ICNSA",222227,2025-02-27,2025-02-27
"338",2017-03-18,"ICNSA",224693,2025-02-27,2025-02-27
"339",2017-03-25,"ICNSA",228269,2025-02-27,2025-02-27
"340",2017-04-01,"ICNSA",208347,2025-02-27,2025-02-27
"341",2017-04-08,"ICNSA",239823,2025-02-27,2025-02-27
"342",2017-04-15,"ICNSA",225864,2025-02-27,2025-02-27
"343",2017-04-22,"ICNSA",241611,2025-02-27,2025-02-27
"344",2017-04-29,"ICNSA",210955,2025-02-27,2025-02-27
"345",2017-05-06,"ICNSA",215040,2025-02-27,2025-02-27
"346",2017-05-13,"ICNSA",206905,2025-02-27,2025-02-27
"347",2017-05-20,"ICNSA",210544,2025-02-27,2025-02-27
"348",2017-05-27,"ICNSA",232138,2025-02-27,2025-02-27
"349",2017-06-03,"ICNSA",212696,2025-02-27,2025-02-27
"350",2017-06-10,"ICNSA",234652,2025-02-27,2025-02-27
"351",2017-06-17,"ICNSA",228883,2025-02-27,2025-02-27
"352",2017-06-24,"ICNSA",239635,2025-02-27,2025-02-27
"353",2017-07-01,"ICNSA",252886,2025-02-27,2025-02-27
"354",2017-07-08,"ICNSA",284329,2025-02-27,2025-02-27
"355",2017-07-15,"ICNSA",257763,2025-02-27,2025-02-27
"356",2017-07-22,"ICNSA",220455,2025-02-27,2025-02-27
"357",2017-07-29,"ICNSA",198776,2025-02-27,2025-02-27
"358",2017-08-05,"ICNSA",211924,2025-02-27,2025-02-27
"359",2017-08-12,"ICNSA",198280,2025-02-27,2025-02-27
"360",2017-08-19,"ICNSA",195130,2025-02-27,2025-02-27
"361",2017-08-26,"ICNSA",196227,2025-02-27,2025-02-27
"362",2017-09-02,"ICNSA",250627,2025-02-27,2025-02-27
"363",2017-09-09,"ICNSA",211923,2025-02-27,2025-02-27
"364",2017-09-16,"ICNSA",212313,2025-02-27,2025-02-27
"365",2017-09-23,"ICNSA",212987,2025-02-27,2025-02-27
"366",2017-09-30,"ICNSA",204180,2025-02-27,2025-02-27
"367",2017-10-07,"ICNSA",229241,2025-02-27,2025-02-27
"368",2017-10-14,"ICNSA",205592,2025-02-27,2025-02-27
"369",2017-10-21,"ICNSA",216004,2025-02-27,2025-02-27
"370",2017-10-28,"ICNSA",215977,2025-02-27,2025-02-27
"371",2017-11-04,"ICNSA",242111,2025-02-27,2025-02-27
"372",2017-11-11,"ICNSA",236654,2025-02-27,2025-02-27
"373",2017-11-18,"ICNSA",275004,2025-02-27,2025-02-27
"374",2017-11-25,"ICNSA",224851,2025-02-27,2025-02-27
"375",2017-12-02,"ICNSA",326052,2025-02-27,2025-02-27
"376",2017-12-09,"ICNSA",282055,2025-02-27,2025-02-27
"377",2017-12-16,"ICNSA",287479,2025-02-27,2025-02-27
"378",2017-12-23,"ICNSA",325180,2025-02-27,2025-02-27
"379",2017-12-30,"ICNSA",351500,2025-02-27,2025-02-27
"380",2018-01-06,"ICNSA",403930,2025-02-27,2025-02-27
"381",2018-01-13,"ICNSA",354708,2025-02-27,2025-02-27
"382",2018-01-20,"ICNSA",260432,2025-02-27,2025-02-27
"383",2018-01-27,"ICNSA",268197,2025-02-27,2025-02-27
"384",2018-02-03,"ICNSA",243422,2025-02-27,2025-02-27
"385",2018-02-10,"ICNSA",233252,2025-02-27,2025-02-27
"386",2018-02-17,"ICNSA",212609,2025-02-27,2025-02-27
"387",2018-02-24,"ICNSA",196294,2025-02-27,2025-02-27
"388",2018-03-03,"ICNSA",225893,2025-02-27,2025-02-27
"389",2018-03-10,"ICNSA",205185,2025-02-27,2025-02-27
"390",2018-03-17,"ICNSA",198649,2025-02-27,2025-02-27
"391",2018-03-24,"ICNSA",195433,2025-02-27,2025-02-27
"392",2018-03-31,"ICNSA",201057,2025-02-27,2025-02-27
"393",2018-04-07,"ICNSA",231759,2025-02-27,2025-02-27
"394",2018-04-14,"ICNSA",226090,2025-02-27,2025-02-27
"395",2018-04-21,"ICNSA",200139,2025-02-27,2025-02-27
"396",2018-04-28,"ICNSA",186451,2025-02-27,2025-02-27
"397",2018-05-05,"ICNSA",190262,2025-02-27,2025-02-27
"398",2018-05-12,"ICNSA",195214,2025-02-27,2025-02-27
"399",2018-05-19,"ICNSA",207043,2025-02-27,2025-02-27
"400",2018-05-26,"ICNSA",202846,2025-02-27,2025-02-27
"401",2018-06-02,"ICNSA",191523,2025-02-27,2025-02-27
"402",2018-06-09,"ICNSA",217289,2025-02-27,2025-02-27
"403",2018-06-16,"ICNSA",206023,2025-02-27,2025-02-27
"404",2018-06-23,"ICNSA",222766,2025-02-27,2025-02-27
"405",2018-06-30,"ICNSA",231539,2025-02-27,2025-02-27
"406",2018-07-07,"ICNSA",264869,2025-02-27,2025-02-27
"407",2018-07-14,"ICNSA",232238,2025-02-27,2025-02-27
"408",2018-07-21,"ICNSA",201288,2025-02-27,2025-02-27
"409",2018-07-28,"ICNSA",179880,2025-02-27,2025-02-27
"410",2018-08-04,"ICNSA",185174,2025-02-27,2025-02-27
"411",2018-08-11,"ICNSA",180038,2025-02-27,2025-02-27
"412",2018-08-18,"ICNSA",173331,2025-02-27,2025-02-27
"413",2018-08-25,"ICNSA",175745,2025-02-27,2025-02-27
"414",2018-09-01,"ICNSA",173607,2025-02-27,2025-02-27
"415",2018-09-08,"ICNSA",162640,2025-02-27,2025-02-27
"416",2018-09-15,"ICNSA",173624,2025-02-27,2025-02-27
"417",2018-09-22,"ICNSA",172930,2025-02-27,2025-02-27
"418",2018-09-29,"ICNSA",171816,2025-02-27,2025-02-27
"419",2018-10-06,"ICNSA",193936,2025-02-27,2025-02-27
"420",2018-10-13,"ICNSA",190501,2025-02-27,2025-02-27
"421",2018-10-20,"ICNSA",198733,2025-02-27,2025-02-27
"422",2018-10-27,"ICNSA",198530,2025-02-27,2025-02-27
"423",2018-11-03,"ICNSA",214814,2025-02-27,2025-02-27
"424",2018-11-10,"ICNSA",235981,2025-02-27,2025-02-27
"425",2018-11-17,"ICNSA",226576,2025-02-27,2025-02-27
"426",2018-11-24,"ICNSA",218658,2025-02-27,2025-02-27
"427",2018-12-01,"ICNSA",317936,2025-02-27,2025-02-27
"428",2018-12-08,"ICNSA",261525,2025-02-27,2025-02-27
"429",2018-12-15,"ICNSA",255195,2025-02-27,2025-02-27
"430",2018-12-22,"ICNSA",291581,2025-02-27,2025-02-27
"431",2018-12-29,"ICNSA",327388,2025-02-27,2025-02-27
"432",2019-01-05,"ICNSA",350681,2025-02-27,2025-02-27
"433",2019-01-12,"ICNSA",343678,2025-02-27,2025-02-27
"434",2019-01-19,"ICNSA",269369,2025-02-27,2025-02-27
"435",2019-01-26,"ICNSA",250580,2025-02-27,2025-02-27
"436",2019-02-02,"ICNSA",254263,2025-02-27,2025-02-27
"437",2019-02-09,"ICNSA",242762,2025-02-27,2025-02-27
"438",2019-02-16,"ICNSA",210679,2025-02-27,2025-02-27
"439",2019-02-23,"ICNSA",203049,2025-02-27,2025-02-27
"440",2019-03-02,"ICNSA",220540,2025-02-27,2025-02-27
"441",2019-03-09,"ICNSA",209302,2025-02-27,2025-02-27
"442",2019-03-16,"ICNSA",194335,2025-02-27,2025-02-27
"443",2019-03-23,"ICNSA",190023,2025-02-27,2025-02-27
"444",2019-03-30,"ICNSA",183775,2025-02-27,2025-02-27
"445",2019-04-06,"ICNSA",196071,2025-02-27,2025-02-27
"446",2019-04-13,"ICNSA",196364,2025-02-27,2025-02-27
"447",2019-04-20,"ICNSA",211762,2025-02-27,2025-02-27
"448",2019-04-27,"ICNSA",204755,2025-02-27,2025-02-27
"449",2019-05-04,"ICNSA",204033,2025-02-27,2025-02-27
"450",2019-05-11,"ICNSA",188264,2025-02-27,2025-02-27
"451",2019-05-18,"ICNSA",191931,2025-02-27,2025-02-27
"452",2019-05-25,"ICNSA",198194,2025-02-27,2025-02-27
"453",2019-06-01,"ICNSA",189577,2025-02-27,2025-02-27
"454",2019-06-08,"ICNSA",220186,2025-02-27,2025-02-27
"455",2019-06-15,"ICNSA",205921,2025-02-27,2025-02-27
"456",2019-06-22,"ICNSA",225819,2025-02-27,2025-02-27
"457",2019-06-29,"ICNSA",224565,2025-02-27,2025-02-27
"458",2019-07-06,"ICNSA",231995,2025-02-27,2025-02-27
"459",2019-07-13,"ICNSA",243621,2025-02-27,2025-02-27
"460",2019-07-20,"ICNSA",196382,2025-02-27,2025-02-27
"461",2019-07-27,"ICNSA",178897,2025-02-27,2025-02-27
"462",2019-08-03,"ICNSA",179879,2025-02-27,2025-02-27
"463",2019-08-10,"ICNSA",186914,2025-02-27,2025-02-27
"464",2019-08-17,"ICNSA",171386,2025-02-27,2025-02-27
"465",2019-08-24,"ICNSA",176867,2025-02-27,2025-02-27
"466",2019-08-31,"ICNSA",179516,2025-02-27,2025-02-27
"467",2019-09-07,"ICNSA",160342,2025-02-27,2025-02-27
"468",2019-09-14,"ICNSA",173134,2025-02-27,2025-02-27
"469",2019-09-21,"ICNSA",175394,2025-02-27,2025-02-27
"470",2019-09-28,"ICNSA",172968,2025-02-27,2025-02-27
"471",2019-10-05,"ICNSA",188106,2025-02-27,2025-02-27
"472",2019-10-12,"ICNSA",201677,2025-02-27,2025-02-27
"473",2019-10-19,"ICNSA",186748,2025-02-27,2025-02-27
"474",2019-10-26,"ICNSA",198733,2025-02-27,2025-02-27
"475",2019-11-02,"ICNSA",205625,2025-02-27,2025-02-27
"476",2019-11-09,"ICNSA",238996,2025-02-27,2025-02-27
"477",2019-11-16,"ICNSA",227892,2025-02-27,2025-02-27
"478",2019-11-23,"ICNSA",252428,2025-02-27,2025-02-27
"479",2019-11-30,"ICNSA",216827,2025-02-27,2025-02-27
"480",2019-12-07,"ICNSA",317866,2025-02-27,2025-02-27
"481",2019-12-14,"ICNSA",270547,2025-02-27,2025-02-27
"482",2019-12-21,"ICNSA",287243,2025-02-27,2025-02-27
"483",2019-12-28,"ICNSA",312524,2025-02-27,2025-02-27
