,yearID,lgID,teamID,franchID,divID,Rank,G,Ghome,L,DivWin,WCWin,LgWin,WSWin,R,AB,H,X2B,X3B,HR,BB,SO,SB,CS,HBP,SF,RA,ER,ERA,CG,SHO,SV,IPouts,HA,HRA,BBA,SOA,E,DP,FP,name,park,attendance,BPF,PPF,teamIDBR,teamIDlahman45,teamIDretro,winpct
1,2014,AL,BAL,BAL,E,1,162,81,66,Y,N,N,N,705,5596,1434,264,16,211,401,1285,44,20,62,36,593,557,3.43,3,13,53,4384,1342,151,472,1174,87,156,0.986,Baltimore Orioles,Oriole Park at Camden Yards,2464473,100,100,BAL,BAL,BAL,59.25925926
2,2014,AL,BOS,BOS,E,5,162,81,91,N,N,N,N,634,5551,1355,282,20,123,535,1337,63,25,68,52,715,653,4.01,3,7,36,4397,1458,154,482,1213,92,155,0.985,Boston Red Sox,Fenway Park II,2956089,102,101,BOS,BOS,BOS,43.82716049
3,2014,AL,CHA,CHW,C,4,162,81,89,N,N,N,N,660,5543,1400,279,32,155,417,1362,85,36,60,38,758,687,4.29,3,6,36,4323,1468,140,557,1152,107,170,0.982,Chicago White Sox,U.S. Cellular Field,1650821,100,101,CHW,CHA,CHA,45.0617284
4,2014,AL,CLE,CLE,C,3,162,81,77,N,N,N,N,669,5575,1411,284,23,142,504,1189,104,27,42,49,653,581,3.56,6,15,40,4405,1398,135,464,1450,116,139,0.981,Cleveland Indians,Progressive Field,1437393,97,97,CLE,CLE,CLE,52.4691358
5,2014,AL,DET,DET,C,1,162,81,72,Y,N,N,N,757,5630,1557,325,26,155,443,1144,106,41,44,61,705,648,4.01,5,8,41,4362,1475,127,462,1244,101,153,0.983,Detroit Tigers,Comerica Park,2917209,105,104,DET,DET,DET,55.55555556
6,2014,AL,HOU,HOU,W,4,162,81,92,N,N,N,N,629,5447,1317,240,19,163,495,1442,122,37,55,36,723,657,4.11,7,3,31,4316,1437,139,484,1137,106,151,0.983,Houston Astros,Minute Maid Park,1751829,101,102,HOU,HOU,HOU,43.20987654
7,2014,AL,KCA,KCR,C,2,162,81,73,N,Y,Y,N,651,5545,1456,286,29,95,380,985,153,36,53,47,624,565,3.51,3,14,53,4352,1386,128,440,1168,104,122,0.983,Kansas City Royals,Kauffman Stadium,1956482,105,104,KCR,KCA,KCA,54.9382716
8,2014,AL,LAA,ANA,W,1,162,81,64,Y,N,N,N,773,5652,1464,304,31,155,492,1266,81,39,60,54,630,590,3.58,3,13,46,4448,1307,126,504,1342,83,127,0.986,Los Angeles Angels of Anaheim,Angel Stadium of Anaheim,3095935,96,95,LAA,ANA,ANA,60.49382716
9,2014,AL,MIN,MIN,C,5,162,81,92,N,N,N,N,715,5567,1412,316,27,128,544,1329,99,36,53,44,777,728,4.57,2,7,38,4305,1588,147,408,1031,97,136,0.984,Minnesota Twins,Target Field,2250606,102,103,MIN,MIN,MIN,43.20987654
10,2014,AL,NYA,NYY,E,2,162,81,78,N,N,N,N,633,5497,1349,247,26,147,452,1133,112,26,56,47,664,605,3.75,5,10,48,4359,1392,164,398,1370,92,107,0.984,New York Yankees,Yankee Stadium III,3401624,100,101,NYY,NYA,NYA,51.85185185
11,2014,AL,OAK,OAK,W,2,162,81,74,N,Y,N,N,729,5545,1354,253,33,146,586,1104,83,20,49,43,572,524,3.22,7,13,31,4390,1269,147,406,1244,111,150,0.982,Oakland Athletics,O.co Coliseum,2003628,99,97,OAK,OAK,OAK,54.32098765
12,2014,AL,SEA,SEA,W,3,162,81,75,N,N,N,N,634,5450,1328,247,32,136,396,1232,96,42,60,34,554,512,3.17,2,9,51,4356,1240,137,463,1317,82,139,0.986,Seattle Mariners,Safeco Field,2064334,95,95,SEA,SEA,SEA,53.7037037
13,2014,AL,TBA,TBD,E,4,162,81,85,N,N,N,N,612,5516,1361,263,24,117,527,1124,63,27,66,53,625,579,3.56,3,22,37,4391,1292,145,482,1437,88,96,0.985,Tampa Bay Rays,Tropicana Field,1446464,97,97,TBR,TBA,TBA,47.5308642
14,2014,AL,TEX,TEX,W,5,162,81,95,N,N,N,N,637,5460,1400,260,28,111,417,1162,105,59,61,45,773,711,4.49,6,17,33,4279,1510,160,505,1110,106,155,0.982,Texas Rangers,Globe Life Park in Arlington,2718733,101,101,TEX,TEX,TEX,41.35802469
15,2014,AL,TOR,TOR,E,3,162,81,79,N,N,N,N,723,5549,1435,282,24,177,502,1151,78,21,41,40,686,642,4,3,16,45,4329,1400,151,490,1199,87,130,0.985,Toronto Blue Jays,Rogers Centre,2375525,102,102,TOR,TOR,TOR,51.2345679
16,2014,NL,ARI,ARI,W,5,162,81,98,N,N,N,N,615,5552,1379,259,47,118,398,1165,86,33,43,36,742,683,4.26,2,4,35,4333,1467,154,469,1278,101,147,0.983,Arizona Diamondbacks,Chase Field,2073730,102,102,ARI,ARI,ARI,39.50617284
17,2014,NL,ATL,ATL,E,2,162,81,83,N,N,N,N,573,5468,1316,240,22,123,472,1369,95,33,43,27,597,547,3.38,5,13,54,4365,1369,121,472,1301,85,143,0.986,Atlanta Braves,Turner Field,2354305,99,99,ATL,ATL,ATL,48.7654321
18,2014,NL,CHN,CHC,C,5,162,81,89,N,N,N,N,614,5508,1315,270,31,157,442,1477,65,40,54,41,707,636,3.91,1,11,37,4390,1398,115,504,1311,103,137,0.983,Chicago Cubs,Wrigley Field,2652113,103,104,CHC,CHN,CHN,45.0617284
19,2014,NL,CIN,CIN,C,4,162,81,86,N,N,N,N,595,5395,1282,254,20,131,415,1252,122,52,52,37,612,576,3.59,5,13,44,4338,1282,163,507,1290,72,120,0.988,Cincinnati Reds,Great American Ball Park,2476664,98,98,CIN,CIN,CIN,46.91358025
20,2014,NL,COL,COL,W,4,162,81,96,N,N,N,N,755,5612,1551,307,41,186,397,1281,85,48,48,48,818,770,4.84,1,4,24,4293,1528,173,531,1074,106,166,0.983,Colorado Rockies,Coors Field,2680329,115,116,COL,COL,COL,40.74074074
21,2014,NL,LAN,LAD,W,1,162,81,68,Y,N,N,N,718,5560,1476,302,38,134,519,1246,138,50,61,43,617,554,3.4,7,16,47,4394,1338,142,429,1373,107,145,0.983,Los Angeles Dodgers,Dodger Stadium,3782337,96,95,LAD,LAN,LAN,58.02469136
22,2014,NL,MIA,FLA,E,4,162,81,85,N,N,N,N,645,5538,1399,254,36,122,501,1419,58,21,35,39,674,613,3.78,3,16,42,4373,1481,114,458,1190,97,154,0.984,Miami Marlins,Marlins Park,1732283,103,104,MIA,FLO,MIA,47.5308642
23,2014,NL,MIL,MIL,C,3,162,81,80,N,N,N,N,650,5462,1366,297,28,150,423,1197,102,43,73,37,657,594,3.67,3,9,45,4373,1386,167,431,1246,99,130,0.984,Milwaukee Brewers,Miller Park,2797384,102,103,MIL,ML4,MIL,50.61728395
24,2014,NL,NYN,NYM,E,3,162,81,83,N,N,N,N,629,5472,1306,275,19,125,516,1264,101,34,54,44,618,568,3.49,1,11,42,4391,1370,141,509,1303,104,158,0.983,New York Mets,Citi Field,2148808,94,95,NYM,NYN,NYN,48.7654321
25,2014,NL,PHI,PHI,E,5,162,81,89,N,N,N,N,619,5603,1356,251,27,125,443,1306,109,26,55,37,687,619,3.79,2,12,40,4405,1396,134,521,1255,83,133,0.987,Philadelphia Phillies,Citizens Bank Park,2423852,100,101,PHI,PHI,PHI,45.0617284
26,2014,NL,PIT,PIT,C,2,162,81,74,N,Y,N,N,682,5536,1436,275,30,156,520,1244,104,47,78,35,631,562,3.47,2,7,48,4369,1341,128,499,1228,109,148,0.983,Pittsburgh Pirates,PNC Park,2442564,98,97,PIT,PIT,PIT,54.32098765
27,2014,NL,SDN,SDP,W,3,162,81,85,N,N,N,N,535,5294,1199,224,30,109,468,1294,91,34,41,45,577,523,3.27,4,10,41,4316,1300,117,462,1284,101,124,0.983,San Diego Padres,Petco Park,2195373,91,91,SDP,SDN,SDN,47.5308642
28,2014,NL,SFN,SFG,W,2,162,81,74,N,Y,Y,Y,665,5523,1407,257,42,132,427,1245,56,27,43,49,614,564,3.5,8,12,46,4347,1305,133,389,1211,100,155,0.984,San Francisco Giants,AT&T Park,3368697,95,95,SFG,SFN,SFN,54.32098765
29,2014,NL,SLN,STL,C,1,162,81,72,Y,N,N,N,619,5426,1371,275,21,105,471,1133,57,32,86,39,603,564,3.5,8,23,55,4346,1321,123,470,1221,88,145,0.985,St. Louis Cardinals,Busch Stadium III,3540649,101,100,STL,SLN,SLN,55.55555556
30,2014,NL,WAS,WSN,E,1,162,81,66,Y,N,N,N,686,5542,1403,265,27,152,517,1304,101,23,56,41,555,495,3.03,5,19,45,4412,1351,110,352,1288,100,139,0.984,Washington Nationals,Nationals Park,2579389,104,102,WSN,MON,WAS,59.25925926
31,2015,AL,BAL,BAL,E,3,162,78,81,N,N,N,N,713,5485,1370,246,20,217,418,1331,44,25,51,32,693,646,4.05,0,10,43,4304,1406,174,483,1233,77,134,0.987,Baltimore Orioles,Oriole Park at Camden Yards,2281202,103,104,BAL,BAL,BAL,50
32,2015,AL,BOS,BOS,E,5,162,81,84,N,N,N,N,748,5640,1495,294,33,161,478,1148,71,27,46,42,753,694,4.31,3,10,40,4345,1486,178,478,1218,97,148,0.984,Boston Red Sox,Fenway Park II,2880694,104,107,BOS,BOS,BOS,48.14814815
33,2015,AL,CHA,CHW,C,4,162,81,86,N,N,N,N,622,5533,1381,260,27,136,404,1231,68,42,65,37,701,643,3.98,7,9,37,4358,1443,162,474,1359,101,159,0.983,Chicago White Sox,U.S. Cellular Field,1755810,92,93,CHW,CHA,CHA,46.91358025
34,2015,AL,CLE,CLE,C,3,161,80,80,N,N,N,N,669,5439,1395,303,29,141,533,1157,86,28,39,50,640,584,3.67,11,10,38,4298,1274,161,425,1407,79,136,0.987,Cleveland Indians,Progressive Field,1388905,106,106,CLE,CLE,CLE,50.31055901
35,2015,AL,DET,DET,C,5,161,81,87,N,N,N,N,689,5605,1515,289,49,151,455,1259,83,51,41,35,803,746,4.64,7,12,35,4341,1491,193,489,1100,86,165,0.986,Detroit Tigers,Comerica Park,2726048,97,98,DET,DET,DET,45.96273292
36,2015,AL,HOU,HOU,W,2,162,81,76,N,Y,N,N,729,5459,1363,278,26,230,486,1392,121,48,56,43,618,572,3.57,5,13,39,4323,1308,148,423,1280,85,131,0.986,Houston Astros,Minute Maid Park,2153585,97,99,HOU,HOU,HOU,53.08641975
37,2015,AL,KCA,KCR,C,1,162,81,67,Y,N,Y,Y,724,5575,1497,300,42,139,383,973,104,34,77,47,641,601,3.73,2,8,56,4356,1372,155,489,1160,88,138,0.985,Kansas City Royals,Kauffman Stadium,2708549,104,103,KCR,KCA,KCA,58.64197531
38,2015,AL,LAA,ANA,W,3,162,81,77,N,N,N,N,661,5417,1331,243,21,176,435,1150,52,34,58,40,675,630,3.94,2,12,46,4322,1355,166,466,1221,93,108,0.984,Los Angeles Angels of Anaheim,Angel Stadium of Anaheim,3012765,94,95,LAA,ANA,ANA,52.4691358
39,2015,AL,MIN,MIN,C,2,162,81,79,N,N,N,N,696,5467,1349,277,44,156,439,1264,70,38,40,41,700,653,4.07,2,12,45,4329,1506,163,413,1046,86,150,0.986,Minnesota Twins,Target Field,2220054,103,104,MIN,MIN,MIN,51.2345679
40,2015,AL,NYA,NYY,E,2,162,81,75,N,Y,N,N,764,5567,1397,272,19,212,554,1227,63,25,63,54,698,652,4.03,3,4,48,4373,1416,182,474,1370,93,135,0.985,New York Yankees,Yankee Stadium III,3193795,99,101,NYY,NYA,NYA,53.7037037
41,2015,AL,OAK,OAK,W,5,162,81,94,N,N,N,N,694,5600,1405,277,46,146,475,1119,78,29,40,38,729,664,4.14,5,15,28,4334,1402,172,474,1179,126,154,0.979,Oakland Athletics,O.co Coliseum,1768175,97,98,OAK,OAK,OAK,41.97530864
42,2015,AL,SEA,SEA,W,4,162,81,86,N,N,N,N,656,5544,1379,262,22,198,478,1336,69,45,36,35,726,677,4.16,6,12,45,4389,1430,181,491,1283,94,155,0.985,Seattle Mariners,Safeco Field,2193581,92,94,SEA,SEA,SEA,46.91358025
43,2015,AL,TBA,TBD,E,4,162,84,82,N,N,N,N,644,5485,1383,278,32,167,436,1310,87,45,84,47,642,604,3.74,1,12,60,4360,1314,175,477,1355,95,118,0.984,Tampa Bay Rays,Tropicana Field,1287054,100,102,TBR,TBA,TBA,49.38271605
44,2015,AL,TEX,TEX,W,1,162,81,74,Y,N,N,N,751,5511,1419,279,32,172,503,1233,101,39,76,54,733,680,4.24,5,9,45,4328,1459,171,508,1095,119,169,0.981,Texas Rangers,Globe Life Park in Arlington,2491875,102,105,TEX,TEX,TEX,54.32098765
45,2015,AL,TOR,TOR,E,1,162,81,69,Y,N,N,N,891,5509,1480,308,17,232,570,1151,88,23,54,62,670,609,3.8,7,10,34,4323,1353,173,397,1117,88,145,0.985,Toronto Blue Jays,Rogers Centre,2794891,99,98,TOR,TOR,TOR,57.40740741
46,2015,NL,ARI,ARI,W,3,162,81,83,N,N,N,N,720,5649,1494,289,48,154,490,1312,132,44,33,57,713,659,4.04,1,12,44,4400,1450,182,500,1215,86,146,0.986,Arizona Diamondbacks,Chase Field,2080145,107,106,ARI,ARI,ARI,48.7654321
47,2015,NL,ATL,ATL,E,4,162,81,95,N,N,N,N,573,5420,1361,251,18,100,471,1107,69,33,44,31,760,698,4.41,3,10,44,4276,1462,170,550,1148,90,186,0.985,Atlanta Braves,Turner Field,2001392,97,97,ATL,ATL,ATL,41.35802469
48,2015,NL,CHN,CHC,C,3,162,81,65,N,Y,N,N,689,5491,1341,272,30,171,567,1518,95,37,74,35,608,546,3.36,6,21,48,4384,1276,134,407,1431,111,120,0.982,Chicago Cubs,Wrigley Field,2919122,100,100,CHC,CHN,CHN,59.87654321
49,2015,NL,CIN,CIN,C,5,162,81,98,N,N,N,N,640,5571,1382,257,27,167,496,1255,134,38,42,40,754,700,4.33,2,8,35,4360,1436,177,544,1252,90,131,0.985,Cincinnati Reds,Great American Ball Park,2419506,101,101,CIN,CIN,CIN,39.50617284
50,2015,NL,COL,COL,W,5,162,81,94,N,N,N,N,737,5572,1479,274,49,186,388,1283,97,43,33,34,844,799,5.04,4,4,36,4279,1579,183,579,1112,95,171,0.985,Colorado Rockies,Coors Field,2506789,119,118,COL,COL,COL,41.97530864
51,2015,NL,LAN,LAD,W,1,162,81,70,Y,N,N,N,667,5385,1346,263,26,187,563,1258,59,34,60,30,595,553,3.44,6,21,47,4337,1317,145,395,1396,75,133,0.988,Los Angeles Dodgers,Dodger Stadium,3764815,101,98,LAD,LAN,LAN,56.79012346
52,2015,NL,MIA,FLA,E,3,162,81,91,N,N,N,N,613,5463,1420,236,40,120,375,1150,112,45,39,40,678,638,4.02,0,12,35,4281,1374,141,508,1152,77,162,0.987,Miami Marlins,Marlins Park,1752235,98,97,MIA,FLO,MIA,43.82716049
53,2015,NL,MIL,MIL,C,4,162,81,94,N,N,N,N,655,5480,1378,274,34,145,412,1299,84,29,41,34,737,682,4.28,1,7,40,4305,1432,176,517,1260,116,164,0.981,Milwaukee Brewers,Miller Park,2542558,101,101,MIL,ML4,MIL,41.97530864
54,2015,NL,NYN,NYM,E,1,162,81,72,Y,N,Y,N,683,5527,1351,295,17,177,488,1290,51,25,68,32,613,557,3.43,1,14,50,4388,1341,152,383,1337,88,131,0.986,New York Mets,Citi Field,2569753,94,92,NYM,NYN,NYN,55.55555556
55,2015,NL,PHI,PHI,E,5,162,81,99,N,N,N,N,626,5529,1374,272,37,130,387,1274,88,32,54,29,809,749,4.69,1,7,35,4309,1592,191,488,1153,117,145,0.981,Philadelphia Phillies,Citizens Bank Park,1831080,98,98,PHI,PHI,PHI,38.88888889
56,2015,NL,PIT,PIT,C,2,162,81,64,N,Y,N,N,697,5631,1462,292,27,140,461,1322,98,45,89,41,596,532,3.21,0,13,54,4469,1392,110,453,1338,122,177,0.981,Pittsburgh Pirates,PNC Park,2498596,99,97,PIT,PIT,PIT,60.49382716
57,2015,NL,SDN,SDP,W,4,162,81,88,N,N,N,N,650,5457,1324,260,36,148,426,1327,82,29,40,42,731,655,4.09,1,6,41,4321,1371,171,516,1393,92,138,0.985,San Diego Padres,Petco Park,2459742,98,97,SDP,SDN,SDN,45.67901235
58,2015,NL,SFN,SFG,W,2,162,81,78,N,N,N,N,696,5565,1486,288,39,136,457,1159,93,36,49,37,627,597,3.72,7,18,41,4333,1344,155,431,1165,78,145,0.987,San Francisco Giants,AT&T Park,3375882,99,97,SFG,SFN,SFN,51.85185185
59,2015,NL,SLN,STL,C,1,162,81,62,Y,N,N,N,647,5484,1386,288,39,137,506,1267,69,38,66,42,525,478,2.94,1,15,62,4394,1359,123,477,1329,96,159,0.984,St. Louis Cardinals,Busch Stadium III,3520889,102,101,STL,SLN,SLN,61.72839506
60,2015,NL,WAS,WSN,E,2,162,81,79,N,N,N,N,703,5428,1363,265,13,177,539,1344,57,23,44,51,635,577,3.62,4,13,41,4304,1366,145,364,1342,90,125,0.985,Washington Nationals,Nationals Park,2619843,102,99,WSN,MON,WAS,51.2345679
61,2016,AL,BAL,BAL,E,2,162,81,73,N,Y,N,N,744,5524,1413,265,6,253,468,1324,19,13,44,36,715,671,4.22,1,9,54,4296,1408,183,545,1248,80,165,0.987,Baltimore Orioles,Oriole Park at Camden Yards,2172344,101,101,BAL,BAL,BAL,54.9382716
62,2016,AL,BOS,BOS,E,1,162,81,69,Y,N,N,N,878,5670,1598,343,25,208,558,1160,83,24,43,40,694,640,4,9,5,43,4319,1342,176,490,1362,75,139,0.987,Boston Red Sox,Fenway Park II,2955434,108,106,BOS,BOS,BOS,57.40740741
63,2016,AL,CHA,CHW,C,4,162,81,84,N,N,N,N,686,5550,1428,277,33,168,455,1285,77,36,53,44,715,659,4.1,7,10,43,4340,1422,185,521,1270,95,148,0.984,Chicago White Sox,U.S. Cellular Field,1746293,96,97,CHW,CHA,CHA,48.14814815
64,2016,AL,CLE,CLE,C,1,161,80,67,Y,N,Y,N,777,5484,1435,308,29,185,531,1246,134,31,49,60,676,617,3.84,5,11,37,4335,1330,186,461,1398,89,126,0.985,Cleveland Indians,Progressive Field,1591667,110,109,CLE,CLE,CLE,58.38509317
65,2016,AL,DET,DET,C,2,161,81,75,N,N,N,N,750,5526,1476,252,30,211,493,1303,58,29,53,38,721,672,4.24,3,8,47,4284,1417,182,462,1232,75,148,0.987,Detroit Tigers,Comerica Park,2493859,101,101,DET,DET,DET,53.41614907
66,2016,AL,HOU,HOU,W,3,162,81,78,N,N,N,N,724,5545,1367,291,29,198,554,1452,102,44,47,31,701,663,4.06,2,8,44,4404,1441,181,453,1396,77,135,0.987,Houston Astros,Minute Maid Park,2306623,90,89,HOU,HOU,HOU,51.85185185
67,2016,AL,KCA,KCR,C,3,162,81,81,N,N,N,N,675,5552,1450,264,33,147,382,1224,121,35,45,34,712,674,4.21,3,7,41,4320,1433,206,517,1287,94,134,0.984,Kansas City Royals,Kauffman Stadium,2557712,105,106,KCR,KCA,KCA,50
68,2016,AL,LAA,ANA,W,4,162,81,88,N,N,N,N,717,5431,1410,279,20,156,471,991,73,34,51,49,727,676,4.28,4,12,29,4264,1480,208,498,1136,97,148,0.983,Los Angeles Angels of Anaheim,Angel Stadium of Anaheim,3016142,95,95,LAA,ANA,ANA,45.67901235
69,2016,AL,MIN,MIN,C,5,162,81,103,N,N,N,N,722,5618,1409,288,35,200,513,1426,91,32,44,43,889,814,5.08,4,3,26,4329,1617,221,479,1191,126,172,0.979,Minnesota Twins,Target Field,1963912,96,98,MIN,MIN,MIN,36.41975309
70,2016,AL,NYA,NYY,E,4,162,81,78,N,N,N,N,680,5458,1378,245,20,183,475,1188,72,22,42,49,702,660,4.16,0,10,48,4285,1358,214,444,1393,86,116,0.985,New York Yankees,Yankee Stadium III,3063405,105,105,NYY,NYA,NYA,51.85185185
71,2016,AL,OAK,OAK,W,5,162,81,93,N,N,N,N,653,5500,1352,270,21,169,442,1145,50,23,33,34,761,718,4.51,2,7,42,4300,1459,185,464,1188,97,152,0.984,Oakland Athletics,O.co Coliseum,1521506,90,91,OAK,OAK,OAK,42.59259259
72,2016,AL,SEA,SEA,W,2,162,81,76,N,N,N,N,768,5583,1446,251,17,223,506,1288,56,28,72,41,707,647,4,2,8,49,4371,1410,213,460,1318,89,158,0.985,Seattle Mariners,Safeco Field,2267928,98,97,SEA,SEA,SEA,53.08641975
73,2016,AL,TBA,TBD,E,5,162,81,94,N,N,N,N,672,5481,1333,288,32,216,449,1482,60,37,69,28,713,665,4.2,1,8,42,4279,1395,210,491,1357,94,129,0.984,Tampa Bay Rays,Tropicana Field,1286163,93,94,TBR,TBA,TBA,41.97530864
74,2016,AL,TEX,TEX,W,1,162,81,67,Y,N,N,N,765,5525,1446,257,23,215,436,1220,99,36,70,40,757,700,4.37,1,6,56,4329,1441,201,534,1154,97,190,0.984,Texas Rangers,Globe Life Park in Arlington,2710402,106,105,TEX,TEX,TEX,58.64197531
75,2016,AL,TOR,TOR,E,2,162,81,73,N,Y,N,N,759,5479,1358,276,18,221,632,1362,54,24,55,40,666,613,3.78,0,10,43,4378,1340,183,461,1314,88,144,0.986,Toronto Blue Jays,Rogers Centre,3392099,111,110,TOR,TOR,TOR,54.9382716
76,2016,NL,ARI,ARI,W,4,162,81,93,N,N,N,N,752,5665,1479,285,56,190,463,1427,137,31,50,38,890,821,5.09,2,7,31,4354,1563,202,603,1318,101,143,0.983,Arizona Diamondbacks,Chase Field,2036216,107,108,ARI,ARI,ARI,42.59259259
77,2016,NL,ATL,ATL,E,5,161,81,93,N,N,N,N,649,5514,1404,295,27,122,502,1240,75,34,59,52,779,725,4.51,1,9,39,4343,1414,177,547,1227,101,134,0.983,Atlanta Braves,Turner Field,2020914,102,104,ATL,ATL,ATL,42.23602484
78,2016,NL,CHN,CHC,C,1,162,81,58,Y,N,Y,Y,808,5503,1409,293,30,199,656,1339,66,34,96,37,556,511,3.15,5,15,38,4379,1125,163,495,1441,101,116,0.983,Chicago Cubs,Wrigley Field,3232420,95,93,CHC,CHN,CHN,63.97515528
79,2016,NL,CIN,CIN,C,5,162,81,94,N,N,N,N,716,5487,1403,277,33,164,452,1284,139,51,52,44,854,786,4.91,2,8,28,4326,1457,258,636,1241,102,142,0.983,Cincinnati Reds,Great American Ball Park,1894085,99,100,CIN,CIN,CIN,41.97530864
80,2016,NL,COL,COL,W,3,162,81,87,N,N,N,N,845,5614,1544,318,47,204,494,1330,66,39,40,34,860,779,4.91,2,9,37,4288,1532,181,547,1223,110,148,0.982,Colorado Rockies,Coors Field,2602524,117,117,COL,COL,COL,46.2962963
81,2016,NL,LAN,LAD,W,1,162,81,71,Y,N,N,N,725,5518,1376,272,21,189,525,1321,45,26,58,32,638,598,3.7,3,15,47,4359,1266,165,464,1510,80,101,0.986,Los Angeles Dodgers,Dodger Stadium,3703312,93,92,LAD,LAN,LAN,56.17283951
82,2016,NL,MIA,FLA,E,3,161,80,82,N,N,N,N,655,5547,1460,259,42,128,447,1213,71,28,54,38,682,646,4.05,0,12,55,4305,1358,152,595,1379,86,137,0.985,Miami Marlins,Marlins Park,1712417,93,93,MIA,FLO,MIA,49.06832298
83,2016,NL,MIL,MIL,C,4,162,81,89,N,N,N,N,671,5330,1299,249,19,194,599,1543,181,56,37,39,733,650,4.08,0,7,46,4303,1450,178,532,1175,136,145,0.978,Milwaukee Brewers,Miller Park,2314614,99,99,MIL,ML4,MIL,45.0617284
84,2016,NL,NYN,NYM,E,2,162,81,75,N,Y,N,N,671,5459,1342,240,19,218,517,1302,42,18,62,41,617,574,3.57,1,13,55,4341,1397,152,439,1396,90,138,0.985,New York Mets,Citi Field,2789602,102,102,NYM,NYN,NYN,53.7037037
85,2016,NL,PHI,PHI,E,4,162,81,91,N,N,N,N,610,5434,1305,231,35,161,424,1376,96,45,58,30,796,739,4.63,4,12,43,4311,1468,213,466,1299,97,142,0.984,Philadelphia Phillies,Citizens Bank Park,1915144,91,93,PHI,PHI,PHI,43.82716049
86,2016,NL,PIT,PIT,C,3,162,81,83,N,N,N,N,729,5542,1426,277,32,153,561,1334,110,45,81,36,758,679,4.21,5,5,51,4352,1490,180,533,1232,111,172,0.982,Pittsburgh Pirates,PNC Park,2249201,100,101,PIT,PIT,PIT,48.44720497
87,2016,NL,SDN,SDP,W,5,162,81,94,N,N,N,N,686,5419,1275,257,26,177,449,1500,125,45,58,36,770,708,4.43,1,9,35,4320,1425,183,569,1222,109,165,0.982,San Diego Padres,Petco Park,2351422,99,99,SDP,SDN,SDN,41.97530864
88,2016,NL,SFN,SFG,W,2,162,81,75,N,Y,N,N,715,5565,1437,280,54,130,572,1107,79,36,42,46,631,593,3.65,10,11,43,4381,1334,158,439,1309,72,136,0.988,San Francisco Giants,AT&T Park,3365256,103,102,SFG,SFN,SFN,53.7037037
89,2016,NL,SLN,STL,C,2,162,81,76,N,N,N,N,779,5548,1415,299,32,225,526,1318,35,26,70,41,712,656,4.08,2,10,38,4345,1432,159,475,1290,107,169,0.983,St. Louis Cardinals,Busch Stadium III,3444490,100,99,STL,SLN,SLN,53.08641975
90,2016,NL,WAS,WSN,E,1,162,81,67,Y,N,N,N,763,5490,1403,268,29,203,536,1252,121,39,64,63,612,570,3.51,1,12,46,4379,1272,155,468,1476,73,142,0.988,Washington Nationals,Nationals Park,2481938,100,98,WSN,MON,WAS,58.64197531
91,2017,AL,BAL,BAL,E,5,162,81,87,N,N,N,N,743,5650,1469,269,12,232,392,1412,32,13,50,37,841,795,4.97,1,10,35,4323,1505,242,579,1233,94,175,0.984,Baltimore Orioles,Oriole Park at Camden Yards,2028424,98,99,BAL,BAL,BAL,46.2962963
92,2017,AL,BOS,BOS,E,1,162,81,69,Y,N,N,N,785,5669,1461,302,19,168,571,1224,106,31,53,36,668,610,3.7,5,11,39,4447,1384,195,465,1580,107,126,0.982,Boston Red Sox,Fenway Park II,2917678,105,104,BOS,BOS,BOS,57.40740741
93,2017,AL,CHA,CHW,C,4,162,81,95,N,N,N,N,706,5513,1412,256,37,186,401,1397,71,31,76,33,820,755,4.78,0,3,25,4265,1384,242,632,1193,114,157,0.981,Chicago White Sox,Guaranteed Rate Field,1629470,98,98,CHW,CHA,CHA,41.35802469
94,2017,AL,CLE,CLE,C,1,162,81,60,Y,N,N,N,818,5511,1449,333,29,212,604,1153,88,23,50,45,564,529,3.3,7,19,37,4322,1267,163,406,1614,76,167,0.987,Cleveland Indians,Progressive Field,2048138,106,104,CLE,CLE,CLE,62.96296296
95,2017,AL,DET,DET,C,5,162,81,98,N,N,N,N,735,5556,1435,289,35,187,503,1313,65,34,52,27,894,846,5.36,2,4,32,4261,1587,218,538,1202,84,146,0.985,Detroit Tigers,Comerica Park,2321599,103,104,DET,DET,DET,39.50617284
96,2017,AL,HOU,HOU,W,1,162,81,61,Y,N,Y,Y,896,5611,1581,346,20,238,509,1087,98,42,70,61,700,662,4.12,1,9,45,4338,1314,192,522,1593,99,153,0.983,Houston Astros,Minute Maid Park,2403671,91,90,HOU,HOU,HOU,62.34567901
97,2017,AL,KCA,KCR,C,3,162,81,82,N,N,N,N,702,5536,1436,260,24,193,390,1166,91,31,45,37,791,737,4.61,1,6,39,4313,1480,196,519,1216,79,145,0.987,Kansas City Royals,Kauffman Stadium,2220370,102,102,KCR,KCA,KCA,49.38271605
98,2017,AL,LAA,ANA,W,2,162,81,82,N,N,N,N,710,5415,1314,251,14,186,523,1198,136,44,70,46,709,672,4.2,1,10,43,4322,1373,224,470,1312,80,135,0.986,Los Angeles Angels of Anaheim,Angel Stadium of Anaheim,3019585,96,96,LAA,ANA,ANA,49.38271605
99,2017,AL,MIN,MIN,C,2,162,81,77,N,Y,N,N,815,5557,1444,286,31,206,593,1342,95,28,46,39,788,732,4.59,6,11,42,4308,1487,224,483,1166,78,143,0.987,Minnesota Twins,Target Field,2051279,99,100,MIN,MIN,MIN,52.4691358
100,2017,AL,NYA,NYY,E,2,162,81,71,N,Y,N,N,858,5594,1463,266,23,241,616,1386,90,22,64,56,660,599,3.72,2,7,36,4346,1248,192,504,1560,95,102,0.984,New York Yankees,Yankee Stadium III,3146966,104,103,NYY,NYA,NYA,56.17283951
101,2017,AL,OAK,OAK,W,5,162,81,87,N,N,N,N,739,5464,1344,305,15,234,565,1491,57,22,43,40,826,743,4.67,1,6,35,4293,1444,210,502,1202,121,162,0.98,Oakland Athletics,O.co Coliseum,1475721,96,97,OAK,OAK,OAK,46.2962963
102,2017,AL,SEA,SEA,W,3,162,81,84,N,N,N,N,750,5551,1436,281,17,200,487,1267,89,35,78,35,772,713,4.46,1,9,39,4321,1399,237,490,1244,103,147,0.982,Seattle Mariners,Safeco Field,2135445,97,97,SEA,SEA,SEA,48.14814815
103,2017,AL,TBA,TBD,E,3,162,81,82,N,N,N,N,694,5478,1340,226,32,228,545,1538,88,34,55,48,704,638,3.97,0,9,53,4335,1324,193,503,1352,100,129,0.983,Tampa Bay Rays,Tropicana Field,1253619,94,94,TBR,TBA,TBA,49.38271605
104,2017,AL,TEX,TEX,W,4,162,81,84,N,N,N,N,799,5430,1326,255,21,237,544,1493,113,44,81,39,816,742,4.66,2,6,29,4303,1443,214,559,1107,108,173,0.982,Texas Rangers,Globe Life Park in Arlington,2507760,107,107,TEX,TEX,TEX,48.14814815
105,2017,AL,TOR,TOR,E,4,162,81,86,N,N,N,N,693,5499,1320,269,5,222,542,1327,53,24,51,35,784,720,4.42,2,6,45,4395,1460,203,549,1372,92,145,0.985,Toronto Blue Jays,Rogers Centre,3203886,105,105,TOR,TOR,TOR,46.91358025
106,2017,NL,ARI,ARI,W,2,162,81,69,N,Y,N,N,812,5525,1405,314,39,220,578,1456,103,30,54,27,659,586,3.66,2,11,43,4323,1309,171,516,1482,108,140,0.982,Arizona Diamondbacks,Chase Field,2134375,110,110,ARI,ARI,ARI,57.40740741
107,2017,NL,ATL,ATL,E,3,162,81,90,N,N,N,N,732,5584,1467,289,26,165,474,1184,77,31,66,32,821,756,4.72,0,6,36,4324,1463,192,584,1258,97,137,0.984,Atlanta Braves,SunTrust Park,2505252,98,98,ATL,ATL,ATL,44.44444444
108,2017,NL,CHN,CHC,C,1,162,81,70,Y,N,N,N,822,5496,1402,274,29,223,622,1401,62,31,82,32,695,636,3.95,2,8,38,4342,1294,194,554,1439,95,139,0.984,Chicago Cubs,Wrigley Field,3199562,102,100,CHC,CHN,CHN,56.79012346
109,2017,NL,CIN,CIN,C,5,162,81,94,N,N,N,N,753,5484,1390,249,38,219,565,1329,120,39,72,42,869,821,5.17,2,8,33,4290,1442,248,631,1300,81,132,0.986,Cincinnati Reds,Great American Ball Park,1836917,100,101,CIN,CIN,CIN,41.97530864
110,2017,NL,COL,COL,W,3,162,81,75,N,Y,N,N,824,5534,1510,293,38,192,519,1408,59,34,44,41,757,721,4.51,1,9,47,4313,1453,190,532,1270,77,168,0.987,Colorado Rockies,Coors Field,2953650,115,115,COL,COL,COL,53.7037037
111,2017,NL,LAN,LAD,W,1,162,81,58,Y,N,Y,N,770,5408,1347,312,20,221,649,1380,77,28,64,38,580,543,3.38,2,16,51,4334,1226,184,442,1549,88,131,0.985,Los Angeles Dodgers,Dodger Stadium,3765856,97,96,LAD,LAN,LAN,64.19753086
112,2017,NL,MIA,FLA,E,2,162,78,85,N,N,N,N,778,5602,1497,271,31,194,486,1282,91,30,67,41,822,772,4.82,1,7,34,4328,1450,193,627,1202,73,156,0.988,Miami Marlins,Marlins Park,1583014,93,93,MIA,FLO,MIA,47.5308642
113,2017,NL,MIL,MIL,C,2,162,84,76,N,N,N,N,732,5467,1363,267,22,224,547,1571,128,41,53,26,697,642,4,1,12,54,4337,1381,185,553,1346,115,164,0.981,Milwaukee Brewers,Miller Park,2627705,101,101,MIL,ML4,MIL,53.08641975
114,2017,NL,NYN,NYM,E,4,162,81,92,N,N,N,N,735,5510,1379,286,28,224,529,1291,58,23,57,37,863,799,5.01,2,5,34,4304,1538,220,593,1374,92,125,0.984,New York Mets,Citi Field,2460622,97,97,NYM,NYN,NYN,43.20987654
115,2017,NL,PHI,PHI,E,5,162,81,96,N,N,N,N,690,5535,1382,287,36,174,494,1417,59,25,47,36,782,729,4.55,1,7,33,4323,1471,221,527,1309,82,145,0.986,Philadelphia Phillies,Citizens Bank Park,1905354,96,97,PHI,PHI,PHI,40.74074074
116,2017,NL,PIT,PIT,C,4,162,81,87,N,N,N,N,668,5458,1331,249,36,151,519,1213,67,36,88,28,731,676,4.22,2,12,36,4322,1464,182,511,1262,99,156,0.984,Pittsburgh Pirates,PNC Park,1919447,99,99,PIT,PIT,PIT,46.2962963
117,2017,NL,SDN,SDP,W,4,162,81,91,N,N,N,N,604,5356,1251,227,31,189,460,1499,89,33,53,33,816,742,4.67,2,12,45,4292,1417,226,554,1325,113,177,0.981,San Diego Padres,Petco Park,2138491,94,95,SDP,SDN,SDN,43.82716049
118,2017,NL,SFN,SFG,W,5,162,81,98,N,N,N,N,639,5551,1382,290,28,128,467,1204,76,34,36,52,776,726,4.5,3,5,32,4356,1515,182,496,1234,87,127,0.985,San Francisco Giants,AT&T Park,3303652,96,96,SFG,SFN,SFN,39.50617284
119,2017,NL,SLN,STL,C,3,162,81,79,N,N,N,N,761,5470,1402,284,28,196,593,1348,81,31,65,44,705,646,4.01,3,12,43,4351,1393,183,493,1351,94,164,0.984,St. Louis Cardinals,Busch Stadium III,3447937,98,98,STL,SLN,SLN,51.2345679
120,2017,NL,WAS,WSN,E,1,162,81,65,Y,N,N,N,819,5553,1477,311,31,215,542,1327,108,30,31,45,672,623,3.88,3,5,46,4340,1300,189,495,1457,86,139,0.985,Washington Nationals,Nationals Park,2524980,103,102,WSN,MON,WAS,59.87654321
121,2018,AL,BAL,BAL,E,5,162,81,115,N,N,N,N,622,5507,1317,242,15,188,422,1412,81,22,57,35,892,824,5.18,2,7,28,4293,1552,234,589,1203,104,159,0.982,Baltimore Orioles,Oriole Park at Camden Yards,1564192,96,97,BAL,BAL,BAL,29.01234568
122,2018,AL,BOS,BOS,E,1,162,81,54,Y,N,Y,Y,876,5623,1509,355,31,208,569,1253,125,31,55,48,647,608,3.75,2,14,46,4376,1305,176,512,1558,77,106,0.987,Boston Red Sox,Fenway Park II,2895575,104,102,BOS,BOS,BOS,66.66666667
123,2018,AL,CHA,CHW,C,4,162,81,100,N,N,N,N,656,5523,1332,259,40,182,425,1594,98,41,66,32,848,771,4.83,0,8,34,4311,1404,196,653,1259,114,135,0.981,Chicago White Sox,Guaranteed Rate Field,1608817,97,98,CHW,CHA,CHA,38.27160494
124,2018,AL,CLE,CLE,C,1,162,81,71,Y,N,N,N,818,5595,1447,297,19,216,554,1189,135,36,80,44,648,611,3.77,5,17,41,4372,1349,200,407,1544,83,123,0.986,Cleveland Indians,Progressive Field,1926701,104,102,CLE,CLE,CLE,56.17283951
125,2018,AL,DET,DET,C,3,162,81,98,N,N,N,N,630,5494,1326,284,35,135,428,1341,70,30,52,40,796,726,4.58,0,2,37,4276,1423,216,491,1215,95,126,0.984,Detroit Tigers,Comerica Park,1856970,101,102,DET,DET,DET,39.50617284
126,2018,AL,HOU,HOU,W,1,162,81,59,Y,N,N,N,797,5453,1390,278,18,205,565,1197,71,26,61,45,534,503,3.11,3,12,46,4365,1164,152,435,1687,63,116,0.989,Houston Astros,Minute Maid Park,2980549,96,94,HOU,HOU,HOU,63.58024691
127,2018,AL,KCA,KCR,C,5,162,81,104,N,N,N,N,638,5505,1350,283,29,155,427,1310,117,38,67,40,833,786,4.94,2,8,33,4296,1542,205,549,1157,77,142,0.987,Kansas City Royals,Kauffman Stadium,1665107,99,100,KCR,KCA,KCA,35.80246914
128,2018,AL,LAA,ANA,W,4,162,81,82,N,N,N,N,721,5472,1323,249,23,214,514,1300,89,22,73,39,722,662,4.15,1,9,35,4312,1353,205,546,1386,76,173,0.987,Los Angeles Angels of Anaheim,Angel Stadium of Anaheim,3020216,97,97,LAA,ANA,ANA,49.38271605
129,2018,AL,MIN,MIN,C,2,162,81,84,N,N,N,N,738,5526,1379,317,22,166,534,1328,47,27,37,38,775,721,4.5,2,7,37,4330,1425,198,573,1377,97,127,0.984,Minnesota Twins,Target Field,1959197,102,102,MIN,MIN,MIN,48.14814815
130,2018,AL,NYA,NYY,E,2,162,81,62,N,Y,N,N,851,5515,1374,269,23,267,625,1421,63,21,62,59,669,611,3.78,2,11,49,4369,1311,177,494,1634,94,95,0.984,New York Yankees,Yankee Stadium III,3482855,104,102,NYY,NYA,NYA,61.72839506
131,2018,AL,OAK,OAK,W,2,162,81,65,N,Y,N,N,813,5579,1407,322,20,227,550,1381,35,21,76,44,674,621,3.81,2,14,44,4397,1303,184,474,1237,89,125,0.985,Oakland Athletics,O.co Coliseum,1573616,98,97,OAK,OAK,OAK,59.87654321
132,2018,AL,SEA,SEA,W,3,162,81,73,N,N,N,N,677,5513,1402,256,32,176,430,1221,79,37,70,41,711,664,4.13,3,12,60,4346,1396,195,400,1328,88,152,0.985,Seattle Mariners,Safeco Field,2299489,94,95,SEA,SEA,SEA,54.9382716
133,2018,AL,TBA,TBD,E,3,162,81,72,N,N,N,N,716,5475,1415,274,43,150,540,1388,128,51,101,50,646,602,3.74,0,14,52,4345,1236,164,501,1421,85,136,0.986,Tampa Bay Rays,Tropicana Field,1154973,97,97,TBR,TBA,TBA,55.55555556
134,2018,AL,TEX,TEX,W,5,162,81,95,N,N,N,N,737,5453,1308,266,24,194,555,1484,74,35,88,34,848,783,4.92,1,5,42,4293,1516,222,491,1121,120,168,0.98,Texas Rangers,Globe Life Park in Arlington,2107107,112,113,TEX,TEX,TEX,41.35802469
135,2018,AL,TOR,TOR,E,4,162,81,89,N,N,N,N,709,5477,1336,320,16,217,499,1387,47,30,58,37,832,772,4.85,0,3,39,4301,1476,208,551,1298,101,138,0.983,Toronto Blue Jays,Rogers Centre,2325281,97,98,TOR,TOR,TOR,45.0617284
136,2018,NL,ARI,ARI,W,3,162,81,80,N,N,N,N,693,5460,1283,259,50,176,560,1460,79,25,52,45,644,605,3.72,2,9,39,4389,1313,174,522,1448,75,152,0.988,Arizona Diamondbacks,Chase Field,2242695,108,107,ARI,ARI,ARI,50.61728395
137,2018,NL,ATL,ATL,E,1,162,81,72,Y,N,N,N,759,5582,1433,314,29,175,511,1290,90,36,66,43,657,607,3.75,2,11,40,4370,1236,153,635,1423,80,134,0.986,Atlanta Braves,SunTrust Park,2555781,100,100,ATL,ATL,ATL,55.55555556
138,2018,NL,CHN,CHC,C,2,163,82,68,N,Y,N,N,761,5624,1453,286,34,167,576,1388,66,38,78,46,645,598,3.65,1,18,46,4429,1319,157,622,1333,104,155,0.983,Chicago Cubs,Wrigley Field,3181089,107,106,CHC,CHN,CHN,58.28220859
139,2018,NL,CIN,CIN,C,5,162,81,95,N,N,N,N,696,5532,1404,251,25,172,559,1376,77,33,65,35,819,741,4.63,1,6,38,4323,1491,228,532,1258,95,144,0.984,Cincinnati Reds,Great American Ball Park,1629356,103,104,CIN,CIN,CIN,41.35802469
140,2018,NL,COL,COL,W,2,163,81,72,N,Y,N,N,780,5541,1418,280,42,210,507,1397,95,33,51,37,745,699,4.33,0,10,51,4357,1378,184,525,1409,74,162,0.988,Colorado Rockies,Coors Field,3015880,117,116,COL,COL,COL,55.82822086
141,2018,NL,LAN,LAD,W,1,163,82,71,Y,N,Y,N,804,5572,1394,296,33,235,647,1436,75,24,61,39,610,554,3.38,0,11,48,4428,1279,179,422,1565,100,111,0.983,Los Angeles Dodgers,Dodger Stadium,3857500,98,96,LAD,LAN,LAN,56.44171779
142,2018,NL,MIA,FLA,E,5,161,81,98,N,N,N,N,589,5488,1303,222,24,128,455,1384,45,31,73,31,809,762,4.76,1,12,30,4326,1388,192,605,1249,83,133,0.986,Miami Marlins,Marlins Park,811104,89,90,MIA,FLO,MIA,39.13043478
143,2018,NL,MIL,MIL,C,1,163,81,67,Y,N,N,N,754,5542,1398,252,24,218,537,1458,124,32,58,41,659,606,3.73,0,14,49,4383,1259,173,553,1428,108,141,0.982,Milwaukee Brewers,Miller Park,2850875,102,101,MIL,ML4,MIL,58.89570552
144,2018,NL,NYN,NYM,E,4,162,81,85,N,N,N,N,676,5468,1282,265,34,170,566,1404,71,39,73,42,707,661,4.07,3,15,41,4382,1364,185,484,1446,88,121,0.985,New York Mets,Citi Field,2224995,90,91,NYM,NYN,NYN,47.5308642
145,2018,NL,PHI,PHI,E,3,162,81,82,N,N,N,N,677,5424,1271,241,30,186,582,1520,69,26,64,32,728,665,4.14,0,12,44,4337,1366,171,500,1465,123,138,0.979,Philadelphia Phillies,Citizens Bank Park,2158124,102,103,PHI,PHI,PHI,49.38271605
146,2018,NL,PIT,PIT,C,4,161,80,79,N,N,N,N,692,5447,1381,290,38,157,474,1229,70,38,59,52,693,637,4,3,16,40,4302,1380,174,497,1336,105,129,0.982,Pittsburgh Pirates,PNC Park,1465316,96,96,PIT,PIT,PIT,50.93167702
147,2018,NL,SDN,SDP,W,5,162,81,96,N,N,N,N,617,5486,1289,250,30,162,471,1523,95,36,31,36,767,713,4.4,0,5,36,4371,1430,185,519,1399,100,127,0.983,San Diego Padres,Petco Park,2168536,94,95,SDP,SDN,SDN,40.74074074
148,2018,NL,SFN,SFG,W,4,162,81,89,N,N,N,N,603,5541,1324,255,30,133,448,1467,77,34,49,42,699,641,3.95,1,15,36,4384,1387,156,524,1269,97,160,0.984,San Francisco Giants,AT&T Park,3156185,95,96,SFG,SFN,SFN,45.0617284
149,2018,NL,SLN,STL,C,3,162,81,74,N,N,N,N,759,5498,1369,248,9,205,525,1380,63,32,80,48,691,622,3.85,1,8,43,4366,1354,144,593,1337,133,151,0.978,St. Louis Cardinals,Busch Stadium III,3403587,97,96,STL,SLN,SLN,54.32098765
150,2018,NL,WAS,WSN,E,2,162,81,80,N,N,N,N,771,5517,1402,284,25,191,631,1289,119,33,59,40,682,649,4.04,2,7,40,4338,1320,198,487,1417,64,115,0.989,Washington Nationals,Nationals Park,2529604,106,105,WSN,MON,WAS,50.61728395
151,2019,AL,BAL,BAL,E,5,162,81,108,N,N,N,N,729,5596,1379,252,25,213,462,1435,84,30,71,37,981,897,5.59,0,5,27,4329,1544,305,561,1248,108,155,0.982,Baltimore Orioles,Oriole Park at Camden Yards,1307807,99,102,BAL,BAL,BAL,33.33333333
152,2019,AL,BOS,BOS,E,3,162,81,78,N,N,N,N,901,5770,1554,345,27,245,590,1382,68,30,49,44,828,768,4.7,1,8,33,4413,1423,215,605,1633,88,115,0.985,Boston Red Sox,Fenway Park II,2924627,105,104,BOS,BOS,BOS,51.85185185
153,2019,AL,CHA,CHW,C,3,161,80,89,N,N,N,N,708,5529,1443,260,20,182,378,1549,63,28,66,32,832,769,4.9,6,7,33,4238,1438,238,582,1312,117,171,0.98,Chicago White Sox,Guaranteed Rate Field,1649775,97,99,CHW,CHA,CHA,44.72049689
154,2019,AL,CLE,CLE,C,2,162,81,69,N,N,N,N,769,5425,1354,286,18,223,563,1332,103,35,50,46,657,601,3.76,6,16,42,4313,1308,207,450,1508,83,110,0.985,Cleveland Indians,Progressive Field,1738642,104,102,CLE,CLE,CLE,57.40740741
155,2019,AL,DET,DET,C,5,161,81,114,N,N,N,N,582,5549,1333,292,41,149,391,1595,57,20,48,42,915,835,5.24,0,3,31,4299,1555,250,536,1368,110,127,0.981,Detroit Tigers,Comerica Park,1501430,102,104,DET,DET,DET,29.19254658
156,2019,AL,HOU,HOU,W,1,162,81,55,Y,N,Y,N,920,5613,1538,323,28,288,645,1166,67,27,66,57,640,595,3.66,2,14,47,4387,1205,230,448,1671,71,96,0.988,Houston Astros,Minute Maid Park,2857367,103,100,HOU,HOU,HOU,66.04938272
157,2019,AL,KCA,KCR,C,4,162,81,103,N,N,N,N,691,5496,1356,281,40,162,456,1405,117,39,59,42,869,824,5.2,1,7,37,4275,1525,221,582,1230,73,152,0.988,Kansas City Royals,Kauffman Stadium,1479659,101,102,KCR,KCA,KCA,36.41975309
158,2019,AL,LAA,ANA,W,4,162,81,90,N,N,N,N,769,5542,1368,268,21,220,586,1276,65,20,67,42,868,820,5.12,0,2,32,4328,1417,267,576,1404,92,118,0.984,Los Angeles Angels of Anaheim,Angel Stadium of Anaheim,3019012,98,98,LAA,ANA,ANA,44.44444444
159,2019,AL,MIN,MIN,C,1,162,81,61,Y,N,N,N,939,5732,1547,318,23,307,525,1334,28,21,81,41,754,680,4.18,1,10,50,4390,1456,198,452,1463,111,130,0.981,Minnesota Twins,Target Field,2294152,100,99,MIN,MIN,MIN,62.34567901
160,2019,AL,NYA,NYY,E,1,162,81,59,Y,N,N,N,943,5583,1493,290,17,306,569,1437,55,22,49,33,739,691,4.31,1,9,50,4329,1374,248,507,1534,102,135,0.982,New York Yankees,Yankee Stadium III,3304404,98,96,NYY,NYA,NYA,63.58024691
161,2019,AL,OAK,OAK,W,2,162,81,65,N,Y,N,N,845,5561,1384,292,23,257,578,1338,49,21,87,36,680,646,3.97,1,12,45,4395,1342,201,477,1299,80,122,0.987,Oakland Athletics,O.co Coliseum,1662211,95,93,OAK,OAK,OAK,59.87654321
162,2019,AL,SEA,SEA,W,5,162,81,94,N,N,N,N,758,5500,1305,254,28,239,588,1581,115,47,58,37,893,798,4.99,3,4,34,4318,1484,260,505,1239,132,145,0.978,Seattle Mariners,T-Mobile Park,1791863,93,94,SEA,SEA,SEA,41.97530864
163,2019,AL,TBA,TBD,E,2,162,81,66,N,Y,N,N,769,5628,1427,291,29,217,542,1493,94,37,73,34,656,598,3.65,0,12,46,4423,1274,181,453,1621,87,126,0.985,Tampa Bay Rays,Tropicana Field,1178735,97,96,TBR,TBA,TBA,59.25925926
164,2019,AL,TEX,TEX,W,3,162,81,84,N,N,N,N,810,5540,1374,296,24,223,534,1578,131,38,67,44,878,808,5.06,4,9,33,4314,1515,241,583,1379,105,143,0.982,Texas Rangers,Globe Life Park in Arlington,2132994,111,112,TEX,TEX,TEX,48.14814815
165,2019,AL,TOR,TOR,E,4,162,81,95,N,N,N,N,726,5493,1299,270,21,247,509,1514,51,20,45,28,828,767,4.79,1,7,33,4321,1450,228,604,1332,96,141,0.984,Toronto Blue Jays,Rogers Centre,1750114,97,98,TOR,TOR,TOR,41.35802469
166,2019,NL,ARI,ARI,W,2,162,81,77,N,N,N,N,813,5633,1419,288,40,220,540,1360,88,14,70,40,743,691,4.25,0,11,45,4395,1400,220,516,1427,86,136,0.986,Arizona Diamondbacks,Chase Field,2135510,101,101,ARI,ARI,ARI,52.4691358
167,2019,NL,ATL,ATL,E,1,162,81,65,Y,N,N,N,855,5560,1432,277,29,249,619,1467,89,28,60,35,743,675,4.19,1,8,44,4352,1421,203,548,1393,78,154,0.987,Atlanta Braves,SunTrust Park,2655100,105,103,ATL,ATL,ATL,59.87654321
168,2019,NL,CHN,CHC,C,3,162,81,78,N,N,N,N,814,5461,1378,270,26,256,581,1460,45,24,83,39,717,657,4.1,1,10,38,4326,1376,195,534,1444,118,141,0.981,Chicago Cubs,Wrigley Field,3094865,102,101,CHC,CHN,CHN,51.85185185
169,2019,NL,CIN,CIN,C,4,162,81,87,N,N,N,N,701,5450,1328,235,27,227,492,1436,80,38,89,33,711,668,4.18,0,10,46,4314,1270,214,536,1552,91,124,0.984,Cincinnati Reds,Great American Ball Park,1808685,103,103,CIN,CIN,CIN,46.2962963
170,2019,NL,COL,COL,W,4,162,81,91,N,N,N,N,835,5660,1502,323,41,224,489,1503,71,31,43,43,958,895,5.56,1,5,28,4346,1576,270,589,1264,97,165,0.984,Colorado Rockies,Coors Field,2993244,118,118,COL,COL,COL,43.82716049
171,2019,NL,LAN,LAD,W,1,162,81,56,Y,N,N,N,886,5493,1414,302,20,279,607,1356,57,10,81,45,613,541,3.37,3,18,44,4337,1201,185,392,1519,106,117,0.982,Los Angeles Dodgers,Dodger Stadium,3974309,96,94,LAD,LAN,LAN,65.43209877
172,2019,NL,MIA,FLA,E,5,162,81,105,N,N,N,N,615,5512,1326,265,18,146,395,1469,55,30,73,33,808,760,4.74,2,8,27,4333,1340,236,615,1378,94,135,0.984,Miami Marlins,Marlins Park,811302,94,96,MIA,FLO,MIA,35.18518519
173,2019,NL,MIL,MIL,C,2,162,81,73,N,Y,N,N,769,5542,1366,279,17,250,629,1563,101,25,72,38,766,713,4.4,0,7,50,4378,1364,225,570,1497,97,135,0.983,Milwaukee Brewers,Miller Park,2923333,101,101,MIL,ML4,MIL,54.9382716
174,2019,NL,NYN,NYM,E,3,162,81,76,N,N,N,N,791,5624,1445,280,17,242,516,1384,56,27,95,27,737,688,4.24,3,12,38,4383,1405,204,500,1520,99,129,0.983,New York Mets,Citi Field,2442532,92,92,NYM,NYN,NYN,53.08641975
175,2019,NL,PHI,PHI,E,4,162,81,81,N,N,N,N,774,5571,1369,311,26,215,562,1453,78,18,57,34,794,731,4.53,3,7,36,4361,1452,258,546,1392,97,136,0.984,Philadelphia Phillies,Citizens Bank Park,2727421,102,102,PHI,PHI,PHI,50
176,2019,NL,PIT,PIT,C,5,162,81,93,N,N,N,N,758,5657,1497,315,38,163,425,1213,64,29,63,34,911,829,5.18,1,6,31,4320,1511,241,584,1443,121,130,0.98,Pittsburgh Pirates,PNC Park,1491439,96,97,PIT,PIT,PIT,42.59259259
177,2019,NL,SDN,SDP,W,5,162,81,92,N,N,N,N,682,5391,1281,224,24,219,504,1581,70,37,55,31,789,732,4.6,0,6,47,4296,1394,215,463,1475,116,100,0.98,San Diego Padres,Petco Park,2396399,95,96,SDP,SDN,SDN,43.20987654
178,2019,NL,SFN,SFG,W,3,162,81,85,N,N,N,N,678,5579,1332,300,26,167,475,1435,47,28,50,42,773,715,4.38,1,8,41,4407,1395,227,519,1368,90,142,0.985,San Francisco Giants,Oracle Park,2707760,94,95,SFG,SFN,SFN,47.5308642
179,2019,NL,SLN,STL,C,1,162,81,71,Y,N,N,N,764,5449,1336,246,24,210,561,1420,116,29,76,39,662,609,3.8,1,14,52,4332,1284,191,545,1399,66,168,0.989,St. Louis Cardinals,Busch Stadium III,3480393,98,97,STL,SLN,SLN,56.17283951
180,2019,NL,WAS,WSN,E,2,162,81,69,N,Y,Y,Y,873,5512,1460,298,27,231,584,1308,116,29,81,42,724,683,4.27,1,13,40,4318,1340,202,517,1511,87,111,0.985,Washington Nationals,Nationals Park,2259781,106,104,WSN,MON,WAS,57.40740741
181,2020,AL,BAL,BAL,E,4,60,33,35,N,N,N,N,274,2026,523,102,7,77,164,514,19,14,27,10,294,260,4.51,0,1,11,1556,489,79,192,487,43,42,0.98,Baltimore Orioles,Oriole Park at Camden Yards,0,100,102,BAL,BAL,BAL,41.66666667
182,2020,AL,BOS,BOS,E,5,60,31,36,N,N,N,N,292,2083,552,118,7,81,187,545,31,9,21,9,351,325,5.58,0,2,14,1572,587,98,252,537,45,59,0.979,Boston Red Sox,Fenway Park II,0,105,105,BOS,BOS,BOS,40
183,2020,AL,CHA,CHW,C,2,60,30,25,N,Y,N,N,306,2047,534,94,6,96,179,571,20,8,24,13,246,223,3.81,1,6,13,1581,448,71,217,523,38,48,0.982,Chicago White Sox,Guaranteed Rate Field,0,99,100,CHW,CHA,CHA,58.33333333
184,2020,AL,CLE,CLE,C,2,60,30,25,N,Y,N,N,248,1959,446,96,5,59,239,517,25,10,24,16,209,196,3.29,1,7,20,1608,440,68,157,621,30,46,0.986,Cleveland Indians,Progressive Field,0,104,103,CLE,CLE,CLE,58.33333333
185,2020,AL,DET,DET,C,5,58,27,35,N,N,N,N,249,1893,463,78,12,62,147,567,19,6,19,14,318,308,5.63,1,1,11,1477,511,91,192,444,27,46,0.987,Detroit Tigers,Comerica Park,0,102,105,DET,DET,DET,39.65517241
186,2020,AL,HOU,HOU,W,2,60,28,31,N,Y,N,N,279,1992,478,103,12,69,192,440,22,11,23,13,275,251,4.31,0,0,16,1572,472,70,217,526,20,48,0.991,Houston Astros,Minute Maid Park,0,103,101,HOU,HOU,HOU,48.33333333
187,2020,AL,KCA,KCR,C,4,60,30,34,N,N,N,N,248,1988,485,97,7,68,172,527,49,20,18,10,272,247,4.3,1,4,19,1551,500,76,211,517,31,62,0.985,Kansas City Royals,Kauffman Stadium,0,102,103,KCR,KCA,KCA,43.33333333
188,2020,AL,LAA,ANA,W,4,60,31,34,N,N,N,N,294,2020,501,97,8,85,239,490,21,8,25,18,321,297,5.09,1,2,12,1576,492,82,199,523,36,36,0.983,Los Angeles Angels of Anaheim,Angel Stadium of Anaheim,0,100,101,LAA,ANA,ANA,43.33333333
189,2020,AL,MIN,MIN,C,1,60,31,24,Y,N,N,N,269,1937,468,81,3,91,186,528,14,7,29,14,215,204,3.58,0,4,17,1540,448,62,170,535,20,39,0.99,Minnesota Twins,Target Field,0,99,98,MIN,MIN,MIN,60
190,2020,AL,NYA,NYY,E,2,60,31,27,N,Y,N,N,315,1915,473,87,7,94,251,480,27,7,30,11,270,242,4.35,2,2,14,1502,455,83,168,528,48,37,0.976,New York Yankees,Yankee Stadium III,0,98,96,NYY,NYA,NYA,55
191,2020,AL,OAK,OAK,W,1,60,32,24,Y,N,N,N,274,1908,430,91,11,71,238,524,26,3,39,14,232,216,3.77,1,5,17,1546,471,69,165,506,26,33,0.987,Oakland Athletics,O.co Coliseum,0,94,93,OAK,OAK,OAK,60
192,2020,AL,SEA,SEA,W,3,60,24,33,N,N,N,N,254,1929,435,88,5,60,207,545,50,16,30,12,303,289,5.03,1,0,15,1550,482,79,230,469,23,48,0.989,Seattle Mariners,T-Mobile Park,0,94,95,SEA,SEA,SEA,45
193,2020,AL,TBA,TBD,E,1,60,29,20,Y,N,Y,N,289,1975,470,105,12,80,243,608,48,9,28,14,229,209,3.56,0,4,23,1583,475,70,168,552,33,52,0.985,Tampa Bay Rays,Tropicana Field,0,96,95,TBR,TBA,TBA,66.66666667
194,2020,AL,TEX,TEX,W,5,60,30,38,N,N,N,N,224,1936,420,80,9,62,167,548,49,14,24,18,312,288,5.02,2,3,10,1550,479,81,236,489,40,40,0.981,Texas Rangers,Globe Life Field,0,102,102,TEX,TEX,TEX,36.66666667
195,2020,AL,TOR,TOR,E,3,60,26,28,N,Y,N,N,302,2023,516,104,4,88,203,508,33,6,12,14,312,268,4.6,0,1,17,1574,517,81,250,519,38,47,0.982,Toronto Blue Jays,Sahlen Field,0,100,99,TOR,TOR,TOR,53.33333333
196,2020,NL,ARI,ARI,W,5,60,30,35,N,N,N,N,269,1997,482,101,12,58,181,461,23,7,36,23,295,279,4.84,0,1,13,1555,506,93,235,524,35,54,0.983,Arizona Diamondbacks,Chase Field,0,102,102,ARI,ARI,ARI,41.66666667
197,2020,NL,ATL,ATL,E,1,60,30,25,Y,N,N,N,348,2074,556,130,3,103,239,573,23,4,23,7,288,257,4.41,0,4,13,1573,494,69,220,506,33,52,0.985,Atlanta Braves,SunTrust Park,0,107,106,ATL,ATL,ATL,58.33333333
198,2020,NL,CHN,CHC,C,1,60,33,26,Y,N,N,N,265,1918,422,82,8,74,229,568,24,10,52,13,240,230,3.99,2,8,16,1555,451,74,182,523,30,46,0.986,Chicago Cubs,Wrigley Field,0,100,99,CHC,CHN,CHN,56.66666667
199,2020,NL,CIN,CIN,C,2,60,29,29,N,Y,N,N,243,1842,390,76,3,90,239,534,28,9,33,7,243,215,3.84,3,5,9,1512,401,67,213,615,27,36,0.986,Cincinnati Reds,Great American Ball Park,0,106,106,CIN,CIN,CIN,51.66666667
200,2020,NL,COL,COL,W,4,60,30,34,N,N,N,N,275,2057,528,84,16,63,161,543,42,9,10,19,353,327,5.59,1,1,16,1579,579,83,205,393,42,78,0.981,Colorado Rockies,Coors Field,0,116,117,COL,COL,COL,43.33333333
201,2020,NL,LAN,LAD,W,1,60,30,17,Y,N,Y,Y,349,2042,523,97,6,118,228,471,29,8,30,12,213,181,3.02,0,5,15,1616,424,66,145,517,40,46,0.982,Los Angeles Dodgers,Dodger Stadium,0,97,94,LAD,LAN,LAN,71.66666667
202,2020,NL,MIA,FLA,E,2,60,26,29,N,Y,N,N,263,1935,472,82,5,60,191,537,51,14,25,9,304,272,4.86,1,6,18,1512,506,82,226,451,39,60,0.981,Miami Marlins,Marlins Park,0,97,99,MIA,FLO,MIA,51.66666667
203,2020,NL,MIL,MIL,C,4,60,29,31,N,Y,N,N,247,1920,429,83,5,75,221,582,15,11,35,10,264,239,4.16,1,8,14,1552,446,67,189,614,34,45,0.984,Milwaukee Brewers,Miller Park,0,101,101,MIL,ML4,MIL,48.33333333
204,2020,NL,NYN,NYM,E,4,60,29,34,N,N,N,N,286,2023,551,106,7,86,197,498,20,10,45,13,308,284,4.98,0,1,11,1540,511,81,219,574,32,39,0.985,New York Mets,Citi Field,0,94,94,NYM,NYN,NYN,43.33333333
205,2020,NL,PHI,PHI,E,3,60,32,32,N,N,N,N,306,1948,500,90,10,82,229,480,35,8,28,10,311,284,5.14,3,5,11,1491,550,80,185,532,35,57,0.983,Philadelphia Phillies,Citizens Bank Park,0,101,101,PHI,PHI,PHI,46.66666667
206,2020,NL,PIT,PIT,C,5,60,32,41,N,N,N,N,219,1932,425,76,6,59,167,521,16,11,11,15,298,267,4.68,1,3,6,1539,451,80,249,536,47,53,0.978,Pittsburgh Pirates,PNC Park,0,97,99,PIT,PIT,PIT,31.66666667
207,2020,NL,SDN,SDP,W,2,60,32,23,N,Y,N,N,325,1972,506,103,12,95,204,479,55,13,28,14,241,223,3.86,1,5,13,1561,456,70,170,565,32,46,0.985,San Diego Padres,Petco Park,0,94,95,SDP,SDN,SDN,61.66666667
208,2020,NL,SFN,SFG,W,3,60,33,31,N,N,N,N,299,2019,532,107,14,81,195,499,19,8,27,13,297,267,4.64,1,0,13,1553,474,69,210,488,41,43,0.98,San Francisco Giants,Oracle Park,0,94,95,SFG,SFN,SFN,48.33333333
209,2020,NL,SLN,STL,C,3,58,27,28,N,Y,N,N,240,1752,410,73,7,51,205,477,18,10,33,16,229,205,3.9,2,2,13,1419,376,69,204,464,33,46,0.983,St. Louis Cardinals,Busch Stadium III,0,97,96,STL,SLN,SLN,51.72413793
210,2020,NL,WAS,WSN,E,4,60,33,34,N,N,N,N,293,1968,519,112,12,66,192,451,33,12,32,21,301,285,5.09,2,3,12,1511,548,94,216,508,39,48,0.981,Washington Nationals,Nationals Park,0,103,102,WSN,MON,WAS,43.33333333
211,2021,AL,BAL,BAL,E,5,162,81,110,N,N,N,N,659,5420,1296,266,15,195,451,1454,54,23,65,31,956,910,5.84,1,5,26,4206,1518,258,563,1234,74,101,0.987,Baltimore Orioles,Oriole Park at Camden Yards,793229,103,105,BAL,BAL,BAL,32.09876543
212,2021,AL,BOS,BOS,E,2,162,81,70,N,Y,N,N,829,5495,1434,330,23,219,512,1386,40,21,61,42,749,671,4.26,0,7,49,4257,1409,176,546,1527,108,143,0.981,Boston Red Sox,Fenway Park II,1725323,109,109,BOS,BOS,BOS,56.79012346
213,2021,AL,CHA,CHW,C,1,162,81,69,Y,N,N,N,796,5357,1373,275,22,190,586,1389,57,20,78,39,636,581,3.73,4,13,43,4210,1205,182,485,1588,97,112,0.982,Chicago White Sox,Guaranteed Rate Field,1596385,101,100,CHW,CHA,CHA,57.40740741
214,2021,AL,CLE,CLE,C,2,162,81,82,N,N,N,N,717,5332,1269,248,22,203,453,1387,109,17,64,36,727,679,4.34,0,9,39,4224,1281,216,522,1391,86,138,0.985,Cleveland Indians,Progressive Field,1114368,101,101,CLE,CLE,CLE,49.38271605
215,2021,AL,DET,DET,C,3,162,81,85,N,N,N,N,697,5376,1299,236,37,179,490,1514,88,25,44,50,756,681,4.32,2,7,42,4259,1370,199,571,1259,83,136,0.986,Detroit Tigers,Comerica Park,1102621,96,98,DET,DET,DET,47.5308642
216,2021,AL,HOU,HOU,W,1,162,81,67,Y,N,Y,N,863,5593,1496,299,14,221,569,1222,53,16,64,54,658,607,3.78,2,8,34,4335,1231,187,549,1456,69,126,0.988,Houston Astros,Minute Maid Park,2068509,101,99,HOU,HOU,HOU,58.64197531
217,2021,AL,KCA,KCR,C,4,162,81,88,N,N,N,N,686,5427,1349,251,29,163,421,1258,124,33,55,52,788,731,4.64,1,7,37,4252,1375,189,591,1344,84,152,0.985,Kansas City Royals,Kauffman Stadium,1159613,105,106,KCR,KCA,KCA,45.67901235
218,2021,AL,LAA,ANA,W,4,162,82,85,N,N,N,N,723,5437,1331,265,23,190,464,1394,79,26,59,25,804,741,4.69,1,4,39,4265,1373,188,592,1453,88,131,0.985,Los Angeles Angels of Anaheim,Angel Stadium of Anaheim,1515689,102,103,LAA,ANA,ANA,47.5308642
219,2021,AL,MIN,MIN,C,5,162,81,89,N,N,N,N,729,5431,1311,271,17,228,525,1405,54,15,70,42,834,762,4.83,1,9,42,4258,1392,239,484,1317,107,139,0.982,Minnesota Twins,Target Field,1310199,98,98,MIN,MIN,MIN,45.0617284
220,2021,AL,NYA,NYY,E,2,162,81,70,N,Y,N,N,711,5331,1266,213,12,222,621,1482,63,18,63,34,669,596,3.74,3,13,47,4306,1243,196,492,1569,98,115,0.983,New York Yankees,Yankee Stadium III,1959854,100,99,NYY,NYA,NYA,56.79012346
221,2021,AL,OAK,OAK,W,3,162,81,76,N,N,N,N,743,5395,1284,271,19,199,545,1349,88,20,98,49,687,640,4.02,3,11,39,4299,1362,191,439,1332,72,116,0.987,Oakland Athletics,O.co Coliseum,701430,95,94,OAK,OAK,OAK,53.08641975
222,2021,AL,SEA,SEA,W,2,162,81,72,N,N,N,N,697,5355,1209,233,11,199,535,1492,64,24,72,36,748,688,4.3,1,10,51,4321,1356,197,485,1328,79,135,0.986,Seattle Mariners,T-Mobile Park,1215985,95,96,SEA,SEA,SEA,55.55555556
223,2021,AL,TBA,TBD,E,1,162,81,62,Y,N,N,N,857,5507,1336,288,36,222,585,1542,88,42,72,41,651,593,3.67,1,13,42,4367,1264,184,436,1478,80,130,0.986,Tampa Bay Rays,Tropicana Field,761072,92,91,TBR,TBA,TBA,61.72839506
224,2021,AL,TEX,TEX,W,5,162,81,102,N,N,N,N,625,5405,1254,225,24,167,433,1381,106,29,58,31,815,758,4.79,0,3,31,4273,1402,232,513,1239,83,146,0.986,Texas Rangers,Globe Life Field,2110258,99,101,TEX,TEX,TEX,37.03703704
225,2021,AL,TOR,TOR,E,4,162,80,71,N,N,N,N,846,5476,1455,285,13,262,496,1218,81,20,51,35,663,610,3.91,1,14,34,4216,1257,209,473,1468,90,122,0.984,Toronto Blue Jays,Rogers Centre,805901,102,101,TOR,TOR,TOR,56.17283951
226,2021,NL,ARI,ARI,W,5,162,81,110,N,N,N,N,679,5489,1297,308,31,144,537,1465,43,16,54,28,893,804,5.11,3,4,22,4252,1480,232,555,1238,100,113,0.983,Arizona Diamondbacks,Chase Field,1043010,99,101,ARI,ARI,ARI,32.09876543
227,2021,NL,ATL,ATL,E,1,161,80,73,Y,N,Y,Y,790,5363,1307,269,20,239,549,1453,59,19,67,43,656,608,3.88,2,18,40,4232,1237,183,516,1417,71,104,0.988,Atlanta Braves,SunTrust Park,2300247,107,105,ATL,ATL,ATL,54.65838509
228,2021,NL,CHN,CHC,C,4,162,81,91,N,N,N,N,705,5306,1255,225,26,210,502,1596,86,37,92,30,839,765,4.87,1,8,40,4238,1386,235,596,1358,87,149,0.985,Chicago Cubs,Wrigley Field,1978934,100,101,CHC,CHN,CHN,43.82716049
229,2021,NL,CIN,CIN,C,3,162,81,79,N,N,N,N,786,5423,1352,295,13,222,553,1425,36,24,105,45,760,702,4.4,1,8,41,4303,1330,206,617,1524,91,125,0.984,Cincinnati Reds,Great American Ball Park,1505024,113,113,CIN,CIN,CIN,51.2345679
230,2021,NL,COL,COL,W,4,161,81,87,N,N,N,N,739,5374,1338,275,34,182,491,1356,76,23,58,36,796,748,4.82,3,6,33,4191,1397,196,539,1269,73,140,0.987,Colorado Rockies,Coors Field,1938645,112,113,COL,COL,COL,45.96273292
231,2021,NL,LAN,LAD,W,2,162,81,56,N,Y,N,N,830,5445,1330,247,24,237,613,1408,65,17,104,45,561,486,3.01,1,17,56,4356,1107,161,486,1599,89,94,0.985,Los Angeles Dodgers,Dodger Stadium,2804693,100,97,LAD,LAN,LAN,65.43209877
232,2021,NL,MIA,FLA,E,4,162,81,95,N,N,N,N,623,5348,1244,226,23,158,450,1553,106,29,65,30,701,622,3.96,1,8,33,4245,1282,162,529,1381,122,146,0.979,Miami Marlins,Marlins Park,642617,98,99,MIA,FLO,MIA,41.35802469
233,2021,NL,MIL,MIL,C,1,162,81,67,Y,N,N,N,738,5362,1251,255,18,194,586,1465,82,21,88,35,623,558,3.5,2,19,44,4308,1156,168,537,1618,94,102,0.984,Milwaukee Brewers,Miller Park,1824282,101,101,MIL,ML4,MIL,58.64197531
234,2021,NL,NYN,NYM,E,3,162,81,85,N,N,N,N,636,5210,1243,228,18,176,495,1392,54,26,94,23,668,597,3.9,2,8,41,4138,1221,190,475,1453,95,121,0.983,New York Mets,Citi Field,1511926,95,95,NYM,NYN,NYN,47.5308642
235,2021,NL,PHI,PHI,E,2,162,81,80,N,N,N,N,734,5366,1288,262,24,198,564,1402,77,19,67,43,745,692,4.39,5,12,36,4256,1321,200,509,1480,94,142,0.984,Philadelphia Phillies,Citizens Bank Park,1515890,99,99,PHI,PHI,PHI,50.61728395
236,2021,NL,PIT,PIT,C,5,162,81,101,N,N,N,N,609,5336,1261,240,35,124,529,1328,60,30,49,37,833,788,5.08,0,6,25,4189,1400,213,606,1312,70,139,0.988,Pittsburgh Pirates,PNC Park,859498,98,100,PIT,PIT,PIT,37.65432099
237,2021,NL,SDN,SDP,W,3,162,81,83,N,N,N,N,729,5384,1305,273,21,180,586,1324,110,39,61,46,708,651,4.1,2,11,43,4290,1277,205,516,1517,82,139,0.986,San Diego Padres,Petco Park,2191950,92,92,SDP,SDN,SDN,48.7654321
238,2021,NL,SFN,SFG,W,1,162,81,55,Y,N,N,N,804,5462,1360,271,25,241,602,1461,66,14,64,30,594,524,3.24,2,18,56,4365,1254,151,416,1425,80,122,0.986,San Francisco Giants,Oracle Park,1679484,98,97,SFG,SFN,SFN,66.04938272
239,2021,NL,SLN,STL,C,2,162,81,72,N,Y,N,N,706,5351,1303,261,22,198,478,1341,89,22,86,44,672,626,3.98,3,15,50,4251,1234,152,608,1225,84,137,0.986,St. Louis Cardinals,Busch Stadium III,2102530,92,92,STL,SLN,SLN,55.55555556
240,2021,NL,WAS,WSN,E,5,162,81,97,N,N,N,N,724,5385,1388,272,20,182,573,1303,56,26,84,31,820,743,4.8,1,8,36,4183,1364,247,548,1346,96,116,0.983,Washington Nationals,Nationals Park,1465543,95,96,WSN,MON,WAS,40.12345679
241,2022,AL,BAL,BAL,E,4,162,81,79,N,N,N,N,674,5429,1281,275,25,171,476,1390,95,31,83,43,688,632,3.97,2,15,46,4300,1406,171,443,1214,91,151,0.985,Baltimore Orioles,Oriole Park at Camden Yards,1368367,102,103,BAL,BAL,BAL,51.2345679
242,2022,AL,BOS,BOS,E,5,162,81,84,N,N,N,N,735,5539,1427,352,12,155,478,1373,52,20,63,50,787,721,4.53,5,10,39,4293,1411,185,526,1346,85,134,0.985,Boston Red Sox,Fenway Park II,2625089,108,108,BOS,BOS,BOS,48.14814815
243,2022,AL,CHA,CHW,C,2,162,81,81,N,N,N,N,686,5611,1435,272,9,149,388,1269,58,10,73,35,717,631,3.92,2,14,48,4343,1330,166,533,1450,102,122,0.982,Chicago White Sox,Guaranteed Rate Field,2009359,103,102,CHW,CHA,CHA,50
244,2022,AL,CLE,CLE,C,1,162,81,70,Y,N,N,N,698,5558,1410,273,31,127,450,1122,119,27,81,52,634,560,3.46,1,8,51,4368,1252,172,435,1390,97,127,0.984,Cleveland Guardians,Progressive Field,1295870,98,98,CLE,CLE,CLE,56.79012346
245,2022,AL,DET,DET,C,4,162,82,96,N,N,N,N,557,5378,1240,235,27,110,380,1413,47,24,58,44,713,637,4.04,0,8,38,4259,1336,167,511,1195,94,137,0.984,Detroit Tigers,Comerica Park,1575544,96,97,DET,DET,DET,40.74074074
246,2022,AL,HOU,HOU,W,1,162,81,56,Y,N,Y,Y,737,5409,1341,284,13,214,528,1179,83,22,60,42,518,465,2.9,3,18,53,4336,1121,134,458,1524,72,122,0.987,Houston Astros,Minute Maid Park,2688998,101,99,HOU,HOU,HOU,65.43209877
247,2022,AL,KCA,KCR,C,5,162,81,97,N,N,N,N,640,5437,1327,247,38,138,460,1287,104,34,48,44,810,740,4.7,0,9,33,4248,1493,173,589,1191,82,153,0.986,Kansas City Royals,Kauffman Stadium,1277686,103,105,KCR,KCA,KCA,40.12345679
248,2022,AL,LAA,ANA,W,3,162,81,89,N,N,N,N,623,5423,1265,219,31,190,449,1539,77,27,54,25,668,601,3.77,2,17,38,4307,1241,168,540,1383,84,134,0.985,Los Angeles Angels of Anaheim,Angel Stadium of Anaheim,2457461,102,103,LAA,ANA,ANA,45.0617284
249,2022,AL,MIN,MIN,C,3,162,81,84,N,N,N,N,696,5476,1356,269,18,178,518,1353,38,17,62,46,684,636,3.98,0,17,28,4311,1320,184,468,1336,83,121,0.985,Minnesota Twins,Target Field,1801128,98,99,MIN,MIN,MIN,48.14814815
250,2022,AL,NYA,NYY,E,1,162,81,63,Y,N,N,N,807,5422,1308,225,8,254,620,1391,102,33,70,41,567,532,3.3,1,16,47,4355,1177,157,444,1459,74,102,0.987,New York Yankees,Yankee Stadium III,3136207,101,100,NYY,NYA,NYA,61.11111111
251,2022,AL,OAK,OAK,W,5,162,80,102,N,N,N,N,568,5314,1147,249,15,137,433,1389,78,23,59,33,770,717,4.52,0,7,34,4279,1394,195,503,1203,92,139,0.984,Oakland Athletics,O.co Coliseum,787902,96,96,OAK,OAK,OAK,37.03703704
252,2022,AL,SEA,SEA,W,2,162,81,72,N,Y,N,N,690,5375,1236,229,19,197,596,1397,83,27,89,45,623,577,3.59,0,10,40,4341,1277,186,447,1391,69,114,0.988,Seattle Mariners,T-Mobile Park,2287267,95,95,SEA,SEA,SEA,55.55555556
253,2022,AL,TBA,TBD,E,1,162,81,76,N,Y,N,N,666,5412,1294,296,17,139,500,1395,95,37,57,31,614,544,3.41,0,10,44,4307,1260,172,384,1384,84,110,0.985,Tampa Bay Rays,Tropicana Field,1128127,95,93,TBR,TBA,TBA,53.08641975
254,2022,AL,TEX,TEX,W,4,162,81,94,N,N,N,N,707,5478,1308,224,20,198,456,1446,128,41,47,38,743,673,4.22,1,10,37,4305,1345,169,581,1314,96,143,0.984,Texas Rangers,Globe Life Field,2011361,100,101,TEX,TEX,TEX,41.97530864
255,2022,AL,TOR,TOR,E,2,162,81,70,N,Y,N,N,775,5555,1464,307,12,200,500,1242,67,35,55,33,679,620,3.87,0,10,46,4324,1356,180,424,1390,82,120,0.986,Toronto Blue Jays,Rogers Centre,2653830,100,100,TOR,TOR,TOR,56.79012346
256,2022,NL,ARI,ARI,W,4,162,81,88,N,N,N,N,702,5351,1232,262,24,173,531,1341,104,29,60,50,740,676,4.25,0,10,33,4290,1345,191,504,1216,86,134,0.985,Arizona Diamondbacks,Chase Field,1605199,98,99,ARI,ARI,ARI,45.67901235
257,2022,NL,ATL,ATL,E,1,162,81,61,Y,N,N,N,789,5509,1394,298,11,243,470,1498,87,31,66,36,609,556,3.46,1,9,55,4344,1224,148,500,1554,77,110,0.987,Atlanta Braves,SunTrust Park,3129931,102,100,ATL,ATL,ATL,62.34567901
258,2022,NL,CHN,CHC,C,3,162,81,88,N,N,N,N,657,5425,1293,265,31,159,507,1448,111,37,84,36,731,642,4,0,11,44,4331,1342,207,540,1383,96,139,0.984,Chicago Cubs,Wrigley Field,2616780,100,101,CHC,CHN,CHN,45.67901235
259,2022,NL,CIN,CIN,C,4,162,81,100,N,N,N,N,648,5380,1264,235,18,156,452,1430,58,33,92,33,815,768,4.86,1,6,31,4270,1366,213,612,1414,81,115,0.986,Cincinnati Reds,Great American Ball Park,1395770,110,110,CIN,CIN,CIN,38.27160494
260,2022,NL,COL,COL,W,5,162,81,94,N,N,N,N,698,5540,1408,280,34,149,453,1330,45,20,61,40,873,802,5.06,1,6,43,4276,1516,184,539,1187,100,154,0.983,Colorado Rockies,Coors Field,2597428,113,115,COL,COL,COL,41.97530864
261,2022,NL,LAN,LAD,W,1,162,81,51,Y,N,N,N,847,5526,1418,325,31,212,607,1374,98,18,56,53,513,451,2.8,1,15,43,4354,1114,152,407,1465,83,120,0.986,Los Angeles Dodgers,Dodger Stadium,3861408,106,103,LAD,LAN,LAN,68.51851852
262,2022,NL,MIA,FLA,E,4,162,81,93,N,N,N,N,586,5395,1241,248,20,144,436,1429,122,29,70,36,676,617,3.86,6,10,41,4312,1311,173,511,1437,69,143,0.988,Miami Marlins,Marlins Park,907487,99,100,MIA,FLO,MIA,42.59259259
263,2022,NL,MIL,MIL,C,2,162,81,76,N,N,N,N,725,5417,1271,251,17,219,577,1464,96,30,80,37,688,615,3.83,0,11,52,4338,1238,190,521,1530,91,122,0.984,Milwaukee Brewers,Miller Park,2422420,98,97,MIL,ML4,MIL,53.08641975
264,2022,NL,NYN,NYM,E,2,162,81,61,N,Y,N,N,772,5489,1422,272,27,171,510,1217,62,22,112,44,606,570,3.57,0,19,41,4316,1274,169,428,1565,67,128,0.988,New York Mets,Citi Field,2564737,96,95,NYM,NYN,NYN,62.34567901
265,2022,NL,PHI,PHI,E,3,162,81,75,N,Y,Y,N,747,5496,1392,255,29,205,478,1363,105,28,52,44,685,630,3.97,3,15,42,4285,1330,150,463,1423,69,129,0.988,Philadelphia Phillies,Citizens Bank Park,2276736,100,100,PHI,PHI,PHI,53.7037037
266,2022,NL,PIT,PIT,C,5,162,81,100,N,N,N,N,591,5331,1186,221,29,158,476,1497,89,32,54,32,817,735,4.66,0,6,33,4263,1432,164,586,1250,121,152,0.979,Pittsburgh Pirates,PNC Park,1257458,100,102,PIT,PIT,PIT,38.27160494
267,2022,NL,SDN,SDP,W,2,162,81,73,N,Y,N,N,705,5468,1317,275,18,153,574,1327,49,22,65,46,660,611,3.81,0,15,48,4330,1263,173,468,1451,76,116,0.987,San Diego Padres,Petco Park,2987470,92,92,SDP,SDN,SDN,54.9382716
268,2022,NL,SFN,SFG,W,3,162,81,81,N,N,N,N,716,5392,1261,255,18,183,571,1462,64,16,95,53,697,613,3.85,1,8,39,4299,1397,132,441,1370,100,130,0.983,San Francisco Giants,Oracle Park,2482686,99,99,SFG,SFN,SFN,50
269,2022,NL,SLN,STL,C,1,162,81,69,Y,N,N,N,772,5496,1386,290,21,197,537,1226,95,25,80,45,637,605,3.79,3,17,37,4307,1335,146,489,1177,66,181,0.989,St. Louis Cardinals,Busch Stadium III,3320551,94,94,STL,SLN,SLN,57.40740741
270,2022,NL,WAS,WSN,E,5,162,81,107,N,N,N,N,603,5434,1351,252,20,136,442,1221,75,31,60,37,855,785,5,2,4,28,4235,1469,244,558,1220,104,126,0.982,Washington Nationals,Nationals Park,2026401,94,96,WSN,MON,WAS,33.95061728
271,2023,AL,BAL,BAL,E,1,162,81,61,Y,N,N,N,807,5495,1399,309,28,183,512,1370,114,24,45,47,678,629,3.89,0,0,49,4361,1334,177,473,1431,71,377,0.988,Baltimore Orioles,Oriole Park at Camden Yards,1936798,96,96,BAL,BAL,BAL,62.34567901
272,2023,AL,BOS,BOS,E,5,162,81,84,N,N,N,N,772,5562,1437,339,19,182,486,1372,112,26,71,35,776,718,4.52,0,0,43,4290,1416,208,497,1423,102,378,0.982,Boston Red Sox,Fenway Park,2672130,106,106,BOS,BOS,BOS,48.14814815
273,2023,AL,CHA,CHW,C,4,162,81,101,N,N,N,N,641,5501,1308,264,13,171,377,1424,86,22,52,29,841,774,4.87,2,0,28,4295,1372,214,654,1470,95,317,0.983,Chicago White Sox,Guaranteed Rate Field,1669628,103,104,CHW,CHA,CHA,37.65432099
274,2023,AL,CLE,CLE,C,3,162,81,86,N,N,N,N,662,5513,1379,294,29,124,471,1142,151,36,55,44,697,635,3.96,1,0,47,4332,1352,173,534,1311,83,321,0.986,Cleveland Guardians,Progressive Field,1834068,97,97,CLE,CLE,CLE,46.91358025
275,2023,AL,DET,DET,C,2,162,81,84,N,N,N,N,661,5478,1292,245,29,165,508,1473,85,23,49,31,740,680,4.24,0,0,41,4327,1320,187,476,1374,100,349,0.983,Detroit Tigers,Comerica Park,1612876,102,103,DET,DET,DET,48.14814815
276,2023,AL,HOU,HOU,W,1,162,81,72,Y,N,N,N,827,5567,1441,280,22,222,550,1241,107,32,72,40,698,632,3.94,2,2,42,4336,1312,201,537,1460,81,395,0.986,Houston Astros,Minute Maid Park,3052347,100,98,HOU,HOU,HOU,55.55555556
277,2023,AL,KCA,KCR,C,5,162,81,106,N,N,N,N,676,5428,1325,258,43,163,411,1396,163,47,71,58,859,809,5.17,3,0,28,4227,1429,207,553,1270,80,347,0.986,Kansas City Royals,Kauffman Stadium,1307052,101,103,KCR,KCA,KCA,34.56790123
278,2023,AL,LAA,ANA,W,4,162,81,89,N,N,N,N,739,5489,1346,248,26,231,518,1524,72,31,79,46,829,738,4.64,1,1,43,4295,1394,209,636,1445,95,338,0.983,Los Angeles Angels of Anaheim,Angel Stadium of Anaheim,2640575,104,104,LAA,ANA,ANA,45.0617284
279,2023,AL,MIN,MIN,C,1,162,81,75,Y,N,N,N,778,5489,1336,264,24,233,594,1654,86,18,92,32,659,624,3.87,2,2,38,4354,1294,194,443,1560,66,309,0.988,Minnesota Twins,Target Field,1974124,101,100,MIN,MIN,MIN,53.7037037
280,2023,AL,NYA,NYY,E,4,162,81,80,N,N,N,N,673,5323,1207,221,15,219,557,1427,100,30,47,36,698,635,3.97,3,3,44,4319,1272,195,508,1439,96,313,0.984,New York Yankees,Yankee Stadium II,3269016,102,101,NYY,NYA,NYA,50.61728395
281,2023,AL,OAK,OAK,W,5,162,81,112,N,N,N,N,585,5311,1187,225,21,171,498,1496,149,31,85,36,924,865,5.48,0,0,29,4259,1464,213,694,1300,102,331,0.982,Oakland Athletics,Oakland-Alameda County Coliseum,832352,92,95,OAK,OAK,OAK,30.86419753
282,2023,AL,SEA,SEA,W,3,162,81,74,N,N,N,N,758,5500,1332,283,12,210,548,1603,118,30,111,37,659,602,3.74,2,1,44,4348,1300,184,421,1459,73,318,0.987,Seattle Mariners,Safeco Field,2690418,95,94,SEA,SEA,SEA,54.32098765
283,2023,AL,TBA,TBD,E,2,162,81,63,N,Y,N,N,860,5511,1432,282,24,230,514,1420,160,41,95,38,665,618,3.86,0,0,45,4326,1258,177,439,1507,75,310,0.987,Tampa Bay Rays,Tropicana Field,1440301,98,97,TBR,TBA,TBA,61.11111111
284,2023,AL,TEX,TEX,W,2,162,81,72,N,Y,Y,Y,881,5595,1470,326,18,233,599,1416,79,19,53,47,716,683,4.28,3,1,30,4309,1330,198,491,1351,57,387,0.99,Texas Rangers,Field of Dreams,2533044,104,104,TEX,TEX,TEX,55.55555556
285,2023,AL,TOR,TOR,E,3,162,81,73,N,Y,N,N,746,5562,1423,292,19,188,550,1303,99,34,69,32,671,610,3.78,1,1,51,4355,1326,198,488,1528,71,340,0.988,Toronto Blue Jays,Rogers Centre,3021904,99,99,TOR,TOR,TOR,54.9382716
286,2023,NL,ARI,ARI,W,2,162,81,78,N,Y,Y,N,746,5436,1359,274,44,166,540,1247,166,26,58,50,761,714,4.48,1,1,44,4306,1375,197,525,1351,56,361,0.99,Arizona Diamondbacks,Chase Field,1961182,99,99,ARI,ARI,ARI,51.85185185
287,2023,NL,ATL,ATL,E,1,162,81,58,Y,N,N,N,947,5597,1543,293,23,307,538,1289,132,27,67,43,716,662,4.14,1,1,52,4320,1341,187,534,1516,82,352,0.986,Atlanta Braves,Suntrust Park,3191505,103,101,ATL,ATL,ATL,64.19753086
288,2023,NL,CHN,CHC,C,2,162,81,79,N,N,N,N,819,5504,1399,269,30,196,570,1391,140,34,77,52,723,651,4.08,1,1,35,4306,1328,179,513,1377,92,368,0.984,Chicago Cubs,Wrigley Field,2775149,103,102,CHC,CHN,CHN,51.2345679
289,2023,NL,CIN,CIN,C,3,162,81,80,N,N,N,N,783,5499,1371,268,37,198,556,1500,190,48,92,29,821,772,4.83,0,0,53,4318,1426,222,613,1381,91,341,0.984,Cincinnati Reds,Great American Ballpark,2038302,103,104,CIN,CIN,CIN,50.61728395
290,2023,NL,COL,COL,W,5,162,81,103,N,N,N,N,721,5496,1368,305,31,163,447,1543,76,25,59,41,957,891,5.67,0,0,32,4242,1599,234,586,1129,81,460,0.986,Colorado Rockies,Coors Field,2607935,113,115,COL,COL,COL,36.41975309
291,2023,NL,LAN,LAD,W,1,162,81,62,Y,N,N,N,906,5524,1422,303,20,249,644,1359,105,25,85,69,699,652,4.06,0,0,44,4339,1284,200,454,1388,76,383,0.987,Los Angeles Dodgers,Dodger Stadium,3837079,102,99,LAD,LAN,LAN,61.72839506
292,2023,NL,MIA,FLA,E,3,162,81,78,N,Y,N,N,666,5497,1423,258,23,166,430,1287,86,21,50,38,723,672,4.21,3,1,43,4306,1340,191,514,1490,98,391,0.983,Miami Marlins,Marlins Park,1162819,101,102,MIA,FLO,MIA,51.85185185
293,2023,NL,MIL,MIL,C,1,162,81,70,Y,N,N,N,728,5386,1290,257,16,165,591,1412,129,28,58,39,647,595,3.71,1,1,46,4329,1218,198,493,1425,77,317,0.987,Milwaukee Brewers,Miller Park,2551347,98,98,MIL,ML4,MIL,56.79012346
294,2023,NL,NYN,NYM,E,4,162,81,87,N,N,N,N,717,5363,1276,221,21,215,525,1331,118,15,107,38,729,676,4.3,1,0,34,4249,1331,190,595,1397,88,390,0.985,New York Mets,Citi Field,2573555,97,96,NYM,NYN,NYN,46.2962963
295,2023,NL,PHI,PHI,E,2,162,81,72,N,Y,N,N,796,5541,1417,291,29,220,539,1481,141,26,69,42,715,646,4.03,1,1,45,4327,1318,185,470,1454,91,309,0.984,Philadelphia Phillies,Citizens Bank Park,3052605,98,98,PHI,PHI,PHI,55.55555556
296,2023,NL,PIT,PIT,C,4,162,81,86,N,N,N,N,692,5406,1293,287,31,159,556,1464,117,41,58,43,790,731,4.6,2,2,47,4290,1380,179,596,1363,91,360,0.984,Pittsburgh Pirates,PNC Park,1630624,99,101,PIT,PIT,PIT,46.91358025
297,2023,NL,SDN,SDP,W,3,162,81,80,N,N,N,N,752,5401,1316,273,14,205,653,1311,137,32,57,44,648,598,3.73,0,0,36,4323,1270,174,557,1445,73,356,0.988,San Diego Padres,PETCO Park,3271554,94,93,SDP,SDN,SDN,50.61728395
298,2023,NL,SFN,SFG,W,4,162,81,83,N,N,N,N,674,5412,1271,256,13,174,544,1492,57,16,81,39,719,641,4.02,4,2,50,4304,1395,173,403,1359,117,399,0.981,San Francisco Giants,AT&T Park,2500153,96,96,SFG,SFN,SFN,48.7654321
299,2023,NL,SLN,STL,C,5,162,81,91,N,N,N,N,719,5510,1376,264,12,209,570,1326,101,29,70,37,829,760,4.79,0,0,36,4285,1549,179,530,1215,67,431,0.989,St. Louis Cardinals,Busch Stadium III,3241091,99,99,STL,SLN,SLN,43.82716049
300,2023,NL,WAS,WSN,E,5,162,81,91,N,N,N,N,700,5522,1401,279,26,151,423,1149,127,29,78,38,845,797,5.02,0,0,42,4285,1512,245,592,1225,90,430,0.985,Washington Nationals,Nationals Park,1865832,96,98,WSN,MON,WAS,43.82716049